Country,Year,Deaths less than 1 month,Deaths 1 to 59 months,Deaths 0 to 4 years
Afghanistan,2013,2250,17790,20040
Afghanistan,2012,2350,18646,20996
Afghanistan,2011,2447,19698,22145
Afghanistan,2010,2638,20625,23263
Afghanistan,2009,2798,21434,24232
Afghanistan,2008,2776,24104,26879
Afghanistan,2007,2853,24595,27449
Afghanistan,2006,2961,24989,27950
Afghanistan,2005,3001,25263,28263
Afghanistan,2004,3007,25572,28579
Afghanistan,2003,2767,25652,28418
Afghanistan,2002,2700,25481,28181
Afghanistan,2001,2740,25187,27927
Afghanistan,2000,2855,24413,27269
Albania,2013,12,52,64
Albania,2012,13,54,67
Albania,2011,13,56,69
Albania,2010,14,58,72
Albania,2009,14,60,74
Albania,2008,13,67,80
Albania,2007,14,69,83
Albania,2006,15,74,89
Albania,2005,17,85,102
Albania,2004,25,103,128
Albania,2003,33,129,162
Albania,2002,40,160,200
Albania,2001,51,194,245
Albania,2000,55,226,281
Algeria,2013,433,2749,3182
Algeria,2012,451,2854,3305
Algeria,2011,468,2923,3391
Algeria,2010,474,2914,3388
Algeria,2009,435,2917,3352
Algeria,2008,415,2853,3268
Algeria,2007,388,3211,3599
Algeria,2006,361,3083,3444
Algeria,2005,338,3031,3369
Algeria,2004,324,2999,3323
Algeria,2003,316,3004,3320
Algeria,2002,321,3064,3384
Algeria,2001,337,3122,3458
Algeria,2000,355,3212,3567
Andorra,2013,0,0,0
Andorra,2012,0,0,0
Andorra,2011,0,0,0
Andorra,2010,0,0,0
Andorra,2009,0,0,0
Andorra,2008,0,0,0
Andorra,2007,0,0,0
Andorra,2006,0,0,0
Andorra,2005,0,0,0
Andorra,2004,0,0,0
Andorra,2003,0,0,0
Andorra,2002,0,0,0
Andorra,2001,0,0,0
Andorra,2000,0,0,0
Angola,2013,3569,22823,26392
Angola,2012,3630,23280,26910
Angola,2011,3648,23634,27282
Angola,2010,3717,23063,26780
Angola,2009,3952,23945,27898
Angola,2008,3831,23826,27658
Angola,2007,3804,23793,27597
Angola,2006,3856,26898,30754
Angola,2005,3856,26009,29865
Angola,2004,3622,25142,28764
Angola,2003,3634,24555,28190
Angola,2002,3292,23848,27141
Angola,2001,3232,23231,26463
Angola,2000,3334,22656,25989
Antigua and Barbuda,2013,0,1,1
Antigua and Barbuda,2012,0,1,1
Antigua and Barbuda,2011,0,1,1
Antigua and Barbuda,2010,0,0,0
Antigua and Barbuda,2009,0,1,1
Antigua and Barbuda,2008,0,1,1
Antigua and Barbuda,2007,0,1,1
Antigua and Barbuda,2006,0,1,1
Antigua and Barbuda,2005,0,1,1
Antigua and Barbuda,2004,0,1,1
Antigua and Barbuda,2003,0,1,1
Antigua and Barbuda,2002,0,1,1
Antigua and Barbuda,2001,0,1,1
Antigua and Barbuda,2000,0,0,0
Argentina,2013,101,743,844
Argentina,2012,105,773,878
Argentina,2011,110,777,886
Argentina,2010,113,654,767
Argentina,2009,112,888,1000
Argentina,2008,102,713,815
Argentina,2007,114,834,948
Argentina,2006,124,701,825
Argentina,2005,130,658,788
Argentina,2004,104,806,910
Argentina,2003,143,1154,1297
Argentina,2002,133,787,920
Argentina,2001,138,865,1003
Argentina,2000,141,838,979
Armenia,2013,14,44,58
Armenia,2012,16,50,66
Armenia,2011,18,57,75
Armenia,2010,21,66,87
Armenia,2009,26,78,104
Armenia,2008,31,83,114
Armenia,2007,38,91,129
Armenia,2006,43,101,144
Armenia,2005,46,111,157
Armenia,2004,47,117,164
Armenia,2003,46,125,172
Armenia,2002,46,131,177
Armenia,2001,46,140,185
Armenia,2000,48,154,201
Australia,2013,3,28,31
Australia,2012,4,29,33
Australia,2011,3,28,31
Australia,2010,0,41,41
Australia,2009,1,40,41
Australia,2008,3,32,35
Australia,2007,4,46,50
Australia,2006,2,40,42
Australia,2005,1,43,44
Australia,2004,1,66,67
Australia,2003,0,52,52
Australia,2002,3,36,39
Australia,2001,3,50,53
Australia,2000,5,35,40
Austria,2013,0,8,8
Austria,2012,0,7,7
Austria,2011,0,9,9
Austria,2010,1,5,6
Austria,2009,0,6,6
Austria,2008,0,4,4
Austria,2007,0,4,4
Austria,2006,0,4,4
Austria,2005,0,1,1
Austria,2004,1,11,12
Austria,2003,0,4,4
Austria,2002,0,11,11
Austria,2001,1,9,10
Austria,2000,3,5,8
Azerbaijan,2013,74,822,896
Azerbaijan,2012,76,858,935
Azerbaijan,2011,77,974,1051
Azerbaijan,2010,78,1052,1130
Azerbaijan,2009,81,1077,1157
Azerbaijan,2008,83,1103,1186
Azerbaijan,2007,85,1127,1212
Azerbaijan,2006,87,1163,1250
Azerbaijan,2005,89,1203,1292
Azerbaijan,2004,90,1261,1352
Azerbaijan,2003,93,1341,1434
Azerbaijan,2002,98,1457,1555
Azerbaijan,2001,106,1612,1718
Azerbaijan,2000,123,1820,1943
Bahamas,2013,9,16,25
Bahamas,2012,10,17,26
Bahamas,2011,10,16,26
Bahamas,2010,10,14,25
Bahamas,2009,11,13,24
Bahamas,2008,11,10,21
Bahamas,2007,10,7,17
Bahamas,2006,7,5,12
Bahamas,2005,5,4,9
Bahamas,2004,3,4,7
Bahamas,2003,4,4,8
Bahamas,2002,6,7,14
Bahamas,2001,7,9,16
Bahamas,2000,9,11,19
Bahrain,2013,0,6,6
Bahrain,2012,0,6,6
Bahrain,2011,0,6,6
Bahrain,2010,0,5,5
Bahrain,2009,0,6,6
Bahrain,2008,0,6,6
Bahrain,2007,1,6,6
Bahrain,2006,1,5,6
Bahrain,2005,1,5,6
Bahrain,2004,0,5,5
Bahrain,2003,0,7,7
Bahrain,2002,0,6,6
Bahrain,2001,0,6,6
Bahrain,2000,0,3,3
Bangladesh,2013,2926,14729,17655
Bangladesh,2012,3043,15688,18731
Bangladesh,2011,3238,16762,20000
Bangladesh,2010,3517,18372,21889
Bangladesh,2009,3861,19807,23668
Bangladesh,2008,4254,25458,29712
Bangladesh,2007,4769,28375,33144
Bangladesh,2006,5323,31101,36424
Bangladesh,2005,5782,33829,39610
Bangladesh,2004,6439,36759,43198
Bangladesh,2003,6994,39583,46577
Bangladesh,2002,7544,42373,49917
Bangladesh,2001,8195,45268,53463
Bangladesh,2000,8821,48366,57187
Barbados,2013,0,6,6
Barbados,2012,0,6,6
Barbados,2011,0,5,5
Barbados,2010,0,5,5
Barbados,2009,0,4,4
Barbados,2008,0,4,4
Barbados,2007,0,4,4
Barbados,2006,1,4,5
Barbados,2005,1,3,3
Barbados,2004,1,2,3
Barbados,2003,0,1,1
Barbados,2002,0,2,2
Barbados,2001,0,1,1
Barbados,2000,0,0,0
Belarus,2013,5,25,30
Belarus,2012,5,28,34
Belarus,2011,5,32,38
Belarus,2010,6,38,44
Belarus,2009,8,42,49
Belarus,2008,8,48,56
Belarus,2007,11,56,67
Belarus,2006,13,64,77
Belarus,2005,14,73,87
Belarus,2004,16,82,98
Belarus,2003,19,88,107
Belarus,2002,20,106,126
Belarus,2001,22,126,148
Belarus,2000,24,149,173
Belgium,2013,0,15,15
Belgium,2012,0,15,15
Belgium,2011,0,14,14
Belgium,2010,0,13,13
Belgium,2009,0,14,14
Belgium,2008,0,8,8
Belgium,2007,2,17,19
Belgium,2006,1,7,8
Belgium,2005,0,17,17
Belgium,2004,3,6,9
Belgium,2003,2,10,12
Belgium,2002,2,11,13
Belgium,2001,2,11,13
Belgium,2000,2,11,13
Belize,2013,5,2,7
Belize,2012,6,2,7
Belize,2011,6,2,8
Belize,2010,6,4,9
Belize,2009,6,7,13
Belize,2008,6,6,12
Belize,2007,6,4,10
Belize,2006,4,22,27
Belize,2005,3,12,14
Belize,2004,2,22,24
Belize,2003,4,22,26
Belize,2002,1,27,28
Belize,2001,1,17,19
Belize,2000,1,24,25
Benin,2013,542,3982,4524
Benin,2012,562,4036,4597
Benin,2011,578,4089,4667
Benin,2010,593,4228,4821
Benin,2009,607,4433,5040
Benin,2008,618,4608,5226
Benin,2007,642,4544,5186
Benin,2006,675,4424,5098
Benin,2005,704,4543,5247
Benin,2004,725,4820,5545
Benin,2003,721,4924,5644
Benin,2002,747,4988,5735
Benin,2001,748,4996,5744
Benin,2000,773,4950,5723
Bhutan,2013,10,76,86
Bhutan,2012,10,80,90
Bhutan,2011,11,99,110
Bhutan,2010,12,105,117
Bhutan,2009,12,113,126
Bhutan,2008,13,122,135
Bhutan,2007,14,132,146
Bhutan,2006,16,143,159
Bhutan,2005,17,155,172
Bhutan,2004,19,169,189
Bhutan,2003,22,184,205
Bhutan,2002,25,200,225
Bhutan,2001,28,217,245
Bhutan,2000,30,233,263
Bolivia (Plurinational State of),2013,187,1515,1702
Bolivia (Plurinational State of),2012,190,1555,1745
Bolivia (Plurinational State of),2011,197,1589,1786
Bolivia (Plurinational State of),2010,206,1684,1891
Bolivia (Plurinational State of),2009,223,1767,1990
Bolivia (Plurinational State of),2008,244,1899,2143
Bolivia (Plurinational State of),2007,265,2075,2340
Bolivia (Plurinational State of),2006,292,2235,2527
Bolivia (Plurinational State of),2005,317,2370,2687
Bolivia (Plurinational State of),2004,341,2521,2862
Bolivia (Plurinational State of),2003,350,2656,3007
Bolivia (Plurinational State of),2002,364,2812,3176
Bolivia (Plurinational State of),2001,382,2973,3355
Bolivia (Plurinational State of),2000,400,3164,3564
Bosnia and Herzegovina,2013,6,8,13
Bosnia and Herzegovina,2012,6,8,13
Bosnia and Herzegovina,2011,6,8,14
Bosnia and Herzegovina,2010,5,8,14
Bosnia and Herzegovina,2009,5,9,14
Bosnia and Herzegovina,2008,5,9,15
Bosnia and Herzegovina,2007,5,10,15
Bosnia and Herzegovina,2006,6,11,17
Bosnia and Herzegovina,2005,7,12,19
Bosnia and Herzegovina,2004,9,14,23
Bosnia and Herzegovina,2003,11,17,28
Bosnia and Herzegovina,2002,14,19,33
Bosnia and Herzegovina,2001,15,21,36
Bosnia and Herzegovina,2000,17,22,39
Botswana,2013,46,236,282
Botswana,2012,48,250,297
Botswana,2011,51,255,306
Botswana,2010,53,309,361
Botswana,2009,55,312,366
Botswana,2008,54,313,366
Botswana,2007,53,314,366
Botswana,2006,51,309,361
Botswana,2005,50,314,364
Botswana,2004,50,317,367
Botswana,2003,51,321,372
Botswana,2002,53,310,363
Botswana,2001,53,290,343
Botswana,2000,53,261,314
Brazil,2013,493,2522,3015
Brazil,2012,497,2640,3137
Brazil,2011,504,2857,3361
Brazil,2010,532,3030,3562
Brazil,2009,595,3741,4336
Brazil,2008,736,3957,4693
Brazil,2007,790,4696,5486
Brazil,2006,868,5556,6424
Brazil,2005,1038,6157,7195
Brazil,2004,1220,7406,8627
Brazil,2003,1339,8163,9502
Brazil,2002,1616,8999,10614
Brazil,2001,1760,10411,12170
Brazil,2000,2344,12086,14430
Brunei Darussalam,2013,0,3,3
Brunei Darussalam,2012,0,2,3
Brunei Darussalam,2011,0,2,2
Brunei Darussalam,2010,0,2,2
Brunei Darussalam,2009,0,2,2
Brunei Darussalam,2008,0,2,3
Brunei Darussalam,2007,0,3,3
Brunei Darussalam,2006,0,3,3
Brunei Darussalam,2005,0,3,3
Brunei Darussalam,2004,0,3,3
Brunei Darussalam,2003,0,3,3
Brunei Darussalam,2002,0,3,3
Brunei Darussalam,2001,0,3,3
Brunei Darussalam,2000,0,3,3
Bulgaria,2013,18,112,130
Bulgaria,2012,19,120,139
Bulgaria,2011,20,110,130
Bulgaria,2010,40,140,179
Bulgaria,2009,39,177,216
Bulgaria,2008,41,122,163
Bulgaria,2007,21,143,164
Bulgaria,2006,41,158,199
Bulgaria,2005,50,170,220
Bulgaria,2004,45,153,198
Bulgaria,2003,47,217,264
Bulgaria,2002,56,181,237
Bulgaria,2001,51,227,277
Bulgaria,2000,45,242,288
Burkina Faso,2013,1049,8614,9663
Burkina Faso,2012,1095,8871,9966
Burkina Faso,2011,1125,9346,10471
Burkina Faso,2010,1170,9677,10847
Burkina Faso,2009,1246,9524,10769
Burkina Faso,2008,1312,9423,10735
Burkina Faso,2007,1401,9971,11372
Burkina Faso,2006,1468,10671,12138
Burkina Faso,2005,1531,12078,13609
Burkina Faso,2004,1585,12129,13713
Burkina Faso,2003,1735,12186,13921
Burkina Faso,2002,1679,12065,13744
Burkina Faso,2001,1725,11800,13525
Burkina Faso,2000,1664,11503,13167
Burundi,2013,732,5751,6483
Burundi,2012,739,5840,6579
Burundi,2011,763,5884,6647
Burundi,2010,808,5829,6637
Burundi,2009,813,5791,6604
Burundi,2008,780,5794,6575
Burundi,2007,808,5691,6499
Burundi,2006,795,5689,6484
Burundi,2005,835,5736,6571
Burundi,2004,833,5808,6641
Burundi,2003,842,6647,7489
Burundi,2002,853,6722,7575
Burundi,2001,857,6833,7690
Burundi,2000,879,6940,7819
Côte d'Ivoire,2013,1816,8930,10746
Côte d'Ivoire,2012,1737,8943,10680
Côte d'Ivoire,2011,1794,9066,10860
Côte d'Ivoire,2010,1734,8030,9764
Côte d'Ivoire,2009,1773,7429,9202
Côte d'Ivoire,2008,1803,8220,10023
Côte d'Ivoire,2007,1730,8129,9859
Côte d'Ivoire,2006,1900,8114,10014
Côte d'Ivoire,2005,1913,8145,10058
Côte d'Ivoire,2004,1964,8388,10351
Côte d'Ivoire,2003,1972,8558,10530
Côte d'Ivoire,2002,2046,8661,10708
Côte d'Ivoire,2001,2103,8696,10799
Côte d'Ivoire,2000,2131,8610,10741
Cabo Verde,2013,6,33,38
Cabo Verde,2012,6,34,40
Cabo Verde,2011,6,35,41
Cabo Verde,2010,6,40,46
Cabo Verde,2009,6,41,47
Cabo Verde,2008,7,42,48
Cabo Verde,2007,7,42,49
Cabo Verde,2006,7,42,49
Cabo Verde,2005,7,42,50
Cabo Verde,2004,8,44,52
Cabo Verde,2003,8,47,56
Cabo Verde,2002,9,53,62
Cabo Verde,2001,9,61,71
Cabo Verde,2000,10,73,83
Cambodia,2013,253,2084,2337
Cambodia,2012,253,2123,2375
Cambodia,2011,261,2165,2426
Cambodia,2010,274,2272,2546
Cambodia,2009,299,2791,3090
Cambodia,2008,327,3064,3390
Cambodia,2007,370,3392,3762
Cambodia,2006,407,3660,4067
Cambodia,2005,447,3998,4446
Cambodia,2004,472,4280,4752
Cambodia,2003,521,4609,5130
Cambodia,2002,567,5124,5691
Cambodia,2001,615,5674,6289
Cambodia,2000,645,6261,6905
Cameroon,2013,1464,11254,12718
Cameroon,2012,1478,11550,13028
Cameroon,2011,1458,11233,12691
Cameroon,2010,1550,10554,12104
Cameroon,2009,1593,10943,12536
Cameroon,2008,1556,12949,14505
Cameroon,2007,1588,13078,14666
Cameroon,2006,1570,12944,14514
Cameroon,2005,1606,12731,14337
Cameroon,2004,1643,12698,14341
Cameroon,2003,1678,12832,14510
Cameroon,2002,1694,13003,14698
Cameroon,2001,1688,13147,14835
Cameroon,2000,1722,13251,14972
Canada,2013,4,45,49
Canada,2012,4,47,51
Canada,2011,5,46,51
Canada,2010,6,46,51
Canada,2009,7,46,53
Canada,2008,6,26,31
Canada,2007,6,51,57
Canada,2006,7,40,46
Canada,2005,7,33,41
Canada,2004,8,31,40
Canada,2003,9,38,47
Canada,2002,10,33,42
Canada,2001,10,41,51
Canada,2000,11,40,51
Central African Republic,2013,553,2622,3175
Central African Republic,2012,509,2535,3045
Central African Republic,2011,538,2549,3087
Central African Republic,2010,558,2559,3118
Central African Republic,2009,584,2552,3136
Central African Republic,2008,593,2755,3348
Central African Republic,2007,556,2783,3339
Central African Republic,2006,561,2770,3331
Central African Republic,2005,570,2706,3276
Central African Republic,2004,566,2650,3216
Central African Republic,2003,568,2625,3193
Central African Republic,2002,572,2604,3177
Central African Republic,2001,572,2572,3143
Central African Republic,2000,574,2526,3100
Chad,2013,1668,12489,14157
Chad,2012,1667,12654,14321
Chad,2011,1742,12846,14588
Chad,2010,1739,12118,13857
Chad,2009,1775,11704,13479
Chad,2008,1848,11438,13286
Chad,2007,1802,11433,13235
Chad,2006,1750,11102,12852
Chad,2005,1774,10726,12500
Chad,2004,1737,10416,12153
Chad,2003,1728,10111,11838
Chad,2002,1648,9741,11389
Chad,2001,1592,9374,10966
Chad,2000,1623,8950,10573
Chile,2013,20,103,123
Chile,2012,21,106,126
Chile,2011,21,111,132
Chile,2010,21,110,131
Chile,2009,21,117,138
Chile,2008,18,118,136
Chile,2007,24,106,130
Chile,2006,28,87,115
Chile,2005,38,112,151
Chile,2004,27,125,151
Chile,2003,29,121,150
Chile,2002,37,118,155
Chile,2001,32,245,277
Chile,2000,36,228,265
China,2013,9370,22497,31867
China,2012,9930,24164,34095
China,2011,10781,27291,38072
China,2010,11563,31000,42563
China,2009,12626,35385,48011
China,2008,13744,39955,53698
China,2007,15085,46538,61623
China,2006,16513,55151,71665
China,2005,18346,64655,83001
China,2004,20574,77960,98535
China,2003,23225,94014,117238
China,2002,25813,113068,138882
China,2001,28117,131566,159682
China,2000,29646,146734,176380
Colombia,2013,379,1022,1401
Colombia,2012,391,1078,1468
Colombia,2011,409,1141,1550
Colombia,2010,422,1212,1634
Colombia,2009,434,1251,1685
Colombia,2008,395,1306,1701
Colombia,2007,455,1482,1937
Colombia,2006,527,1591,2118
Colombia,2005,474,1512,1986
Colombia,2004,512,1538,2050
Colombia,2003,478,1515,1993
Colombia,2002,543,1435,1978
Colombia,2001,460,1853,2313
Colombia,2000,564,2136,2700
Comoros,2013,45,253,297
Comoros,2012,46,257,303
Comoros,2011,47,267,314
Comoros,2010,48,279,327
Comoros,2009,48,302,350
Comoros,2008,49,324,373
Comoros,2007,51,326,377
Comoros,2006,49,326,375
Comoros,2005,51,322,372
Comoros,2004,52,318,370
Comoros,2003,52,315,367
Comoros,2002,48,308,356
Comoros,2001,44,301,345
Comoros,2000,42,290,332
Congo,2013,126,743,869
Congo,2012,132,782,914
Congo,2011,140,808,948
Congo,2010,150,838,988
Congo,2009,166,895,1061
Congo,2008,178,1080,1258
Congo,2007,196,1154,1350
Congo,2006,212,1234,1445
Congo,2005,230,1312,1541
Congo,2004,236,1375,1611
Congo,2003,270,1444,1714
Congo,2002,277,1490,1767
Congo,2001,276,1495,1771
Congo,2000,278,1465,1743
Cook Islands,2013,0,0,0
Cook Islands,2012,0,0,0
Cook Islands,2011,0,0,0
Cook Islands,2010,0,0,0
Cook Islands,2009,0,0,0
Cook Islands,2008,0,0,1
Cook Islands,2007,0,0,1
Cook Islands,2006,0,0,1
Cook Islands,2005,0,1,1
Cook Islands,2004,0,1,1
Cook Islands,2003,0,1,1
Cook Islands,2002,0,1,1
Cook Islands,2001,0,1,1
Cook Islands,2000,0,1,1
Costa Rica,2013,5,11,16
Costa Rica,2012,5,11,16
Costa Rica,2011,5,13,18
Costa Rica,2010,5,15,20
Costa Rica,2009,6,18,23
Costa Rica,2008,14,19,33
Costa Rica,2007,13,33,45
Costa Rica,2006,20,25,45
Costa Rica,2005,13,46,59
Costa Rica,2004,17,36,53
Costa Rica,2003,25,36,62
Costa Rica,2002,23,41,64
Costa Rica,2001,25,47,72
Costa Rica,2000,20,56,76
Croatia,2013,2,1,3
Croatia,2012,2,2,3
Croatia,2011,2,0,2
Croatia,2010,4,4,7
Croatia,2009,2,5,6
Croatia,2008,6,5,11
Croatia,2007,7,7,13
Croatia,2006,5,5,10
Croatia,2005,7,8,15
Croatia,2004,8,1,9
Croatia,2003,6,6,11
Croatia,2002,1,3,4
Croatia,2001,6,7,13
Croatia,2000,12,10,22
Cuba,2013,26,43,69
Cuba,2012,27,45,72
Cuba,2011,28,47,75
Cuba,2010,28,44,72
Cuba,2009,39,60,99
Cuba,2008,32,36,68
Cuba,2007,37,47,84
Cuba,2006,31,58,89
Cuba,2005,33,58,91
Cuba,2004,50,45,95
Cuba,2003,51,52,103
Cuba,2002,57,56,112
Cuba,2001,47,62,110
Cuba,2000,19,61,79
Cyprus,2013,0,1,1
Cyprus,2012,0,1,2
Cyprus,2011,0,1,2
Cyprus,2010,0,1,2
Cyprus,2009,0,1,2
Cyprus,2008,0,2,2
Cyprus,2007,0,2,2
Cyprus,2006,0,2,2
Cyprus,2005,0,2,2
Cyprus,2004,0,2,3
Cyprus,2003,1,2,3
Cyprus,2002,1,3,3
Cyprus,2001,1,3,4
Cyprus,2000,1,4,4
Czech Republic,2013,4,17,21
Czech Republic,2012,4,18,23
Czech Republic,2011,5,18,22
Czech Republic,2010,11,26,37
Czech Republic,2009,7,14,21
Czech Republic,2008,11,20,31
Czech Republic,2007,4,23,28
Czech Republic,2006,9,26,35
Czech Republic,2005,7,19,26
Czech Republic,2004,2,13,15
Czech Republic,2003,13,20,33
Czech Republic,2002,2,19,22
Czech Republic,2001,5,20,25
Czech Republic,2000,3,17,21
Democratic People's Republic of Korea,2013,143,1490,1633
Democratic People's Republic of Korea,2012,145,1455,1600
Democratic People's Republic of Korea,2011,148,1601,1749
Democratic People's Republic of Korea,2010,151,1686,1837
Democratic People's Republic of Korea,2009,157,1767,1924
Democratic People's Republic of Korea,2008,164,1836,2000
Democratic People's Republic of Korea,2007,172,1892,2064
Democratic People's Republic of Korea,2006,175,1933,2108
Democratic People's Republic of Korea,2005,183,1986,2168
Democratic People's Republic of Korea,2004,198,2155,2353
Democratic People's Republic of Korea,2003,227,2466,2692
Democratic People's Republic of Korea,2002,257,2909,3166
Democratic People's Republic of Korea,2001,304,3535,3839
Democratic People's Republic of Korea,2000,369,4286,4655
Democratic Republic of the Congo,2013,6649,42949,49598
Democratic Republic of the Congo,2012,6686,43738,50424
Democratic Republic of the Congo,2011,7044,43443,50487
Democratic Republic of the Congo,2010,6709,44318,51027
Democratic Republic of the Congo,2009,7199,43717,50916
Democratic Republic of the Congo,2008,7231,47558,54789
Democratic Republic of the Congo,2007,7307,45087,52394
Democratic Republic of the Congo,2006,7522,44675,52196
Democratic Republic of the Congo,2005,7697,44699,52396
Democratic Republic of the Congo,2004,7862,44764,52626
Democratic Republic of the Congo,2003,7956,44821,52777
Democratic Republic of the Congo,2002,8137,44446,52583
Democratic Republic of the Congo,2001,7894,43455,51350
Democratic Republic of the Congo,2000,7561,41981,49542
Denmark,2013,0,2,2
Denmark,2012,0,3,3
Denmark,2011,0,3,3
Denmark,2010,0,3,3
Denmark,2009,0,7,7
Denmark,2008,0,2,2
Denmark,2007,1,1,2
Denmark,2006,1,3,4
Denmark,2005,0,7,7
Denmark,2004,2,4,6
Denmark,2003,0,9,9
Denmark,2002,1,9,10
Denmark,2001,2,8,10
Denmark,2000,2,8,10
Djibouti,2013,35,214,249
Djibouti,2012,36,220,256
Djibouti,2011,37,220,257
Djibouti,2010,38,228,266
Djibouti,2009,39,224,263
Djibouti,2008,40,236,277
Djibouti,2007,42,269,311
Djibouti,2006,42,287,329
Djibouti,2005,43,291,335
Djibouti,2004,46,298,345
Djibouti,2003,50,301,351
Djibouti,2002,51,307,358
Djibouti,2001,53,313,366
Djibouti,2000,54,320,374
Dominica,2013,0,1,1
Dominica,2012,0,1,1
Dominica,2011,0,1,1
Dominica,2010,0,0,0
Dominica,2009,0,1,1
Dominica,2008,1,1,2
Dominica,2007,1,1,2
Dominica,2006,1,1,2
Dominica,2005,0,1,1
Dominica,2004,0,0,0
Dominica,2003,0,0,0
Dominica,2002,0,0,0
Dominica,2001,0,0,0
Dominica,2000,0,1,1
Dominican Republic,2013,103,670,773
Dominican Republic,2012,107,704,811
Dominican Republic,2011,112,727,838
Dominican Republic,2010,116,729,846
Dominican Republic,2009,122,758,880
Dominican Republic,2008,130,784,915
Dominican Republic,2007,137,827,964
Dominican Republic,2006,143,834,977
Dominican Republic,2005,142,830,972
Dominican Republic,2004,150,854,1003
Dominican Republic,2003,151,864,1015
Dominican Republic,2002,152,873,1025
Dominican Republic,2001,147,1006,1153
Dominican Republic,2000,151,1081,1232
Ecuador,2013,130,724,855
Ecuador,2012,133,751,884
Ecuador,2011,141,788,929
Ecuador,2010,151,830,981
Ecuador,2009,153,874,1027
Ecuador,2008,159,913,1072
Ecuador,2007,169,1040,1209
Ecuador,2006,178,1085,1264
Ecuador,2005,194,1129,1323
Ecuador,2004,211,1170,1381
Ecuador,2003,210,1231,1441
Ecuador,2002,207,1370,1577
Ecuador,2001,205,1448,1652
Ecuador,2000,208,1512,1720
Egypt,2013,792,3628,4420
Egypt,2012,841,3771,4612
Egypt,2011,856,3943,4799
Egypt,2010,877,4104,4981
Egypt,2009,904,4315,5219
Egypt,2008,918,4592,5511
Egypt,2007,932,4880,5811
Egypt,2006,965,5248,6213
Egypt,2005,1041,5784,6826
Egypt,2004,1133,6390,7524
Egypt,2003,1252,7229,8481
Egypt,2002,1376,8124,9501
Egypt,2001,1495,9188,10683
Egypt,2000,1616,10041,11657
El Salvador,2013,48,219,267
El Salvador,2012,50,237,287
El Salvador,2011,54,253,307
El Salvador,2010,57,264,321
El Salvador,2009,58,280,337
El Salvador,2008,53,299,352
El Salvador,2007,54,309,363
El Salvador,2006,56,337,393
El Salvador,2005,59,367,426
El Salvador,2004,63,422,484
El Salvador,2003,66,500,565
El Salvador,2002,74,555,630
El Salvador,2001,81,729,810
El Salvador,2000,85,875,959
Equatorial Guinea,2013,50,326,375
Equatorial Guinea,2012,52,335,387
Equatorial Guinea,2011,54,320,374
Equatorial Guinea,2010,56,303,359
Equatorial Guinea,2009,57,323,380
Equatorial Guinea,2008,57,341,399
Equatorial Guinea,2007,56,309,365
Equatorial Guinea,2006,56,288,344
Equatorial Guinea,2005,56,286,342
Equatorial Guinea,2004,57,290,347
Equatorial Guinea,2003,58,296,354
Equatorial Guinea,2002,57,305,362
Equatorial Guinea,2001,57,312,369
Equatorial Guinea,2000,59,317,376
Eritrea,2013,204,2003,2207
Eritrea,2012,208,2019,2227
Eritrea,2011,212,2048,2259
Eritrea,2010,217,2097,2313
Eritrea,2009,219,2164,2383
Eritrea,2008,225,2218,2443
Eritrea,2007,233,2645,2878
Eritrea,2006,242,2664,2906
Eritrea,2005,248,2623,2871
Eritrea,2004,250,2589,2839
Eritrea,2003,248,2506,2754
Eritrea,2002,247,2421,2668
Eritrea,2001,243,2272,2516
Eritrea,2000,242,2243,2485
Estonia,2013,0,3,3
Estonia,2012,0,4,4
Estonia,2011,0,2,2
Estonia,2010,1,5,6
Estonia,2009,1,2,3
Estonia,2008,1,1,2
Estonia,2007,0,2,2
Estonia,2006,1,0,1
Estonia,2005,0,4,4
Estonia,2004,0,6,6
Estonia,2003,1,4,5
Estonia,2002,1,7,8
Estonia,2001,3,3,6
Estonia,2000,5,6,11
Ethiopia,2013,5000,29565,34565
Ethiopia,2012,5067,31175,36242
Ethiopia,2011,5473,32363,37836
Ethiopia,2010,5801,34042,39843
Ethiopia,2009,6185,36728,42914
Ethiopia,2008,6577,39805,46382
Ethiopia,2007,7081,42515,49596
Ethiopia,2006,7643,48408,56051
Ethiopia,2005,8220,51895,60115
Ethiopia,2004,8859,55750,64609
Ethiopia,2003,9329,59528,68857
Ethiopia,2002,9832,62857,72689
Ethiopia,2001,10199,65276,75475
Ethiopia,2000,10447,66339,76786
Fiji,2013,7,47,55
Fiji,2012,8,49,57
Fiji,2011,8,50,58
Fiji,2010,8,50,58
Fiji,2009,8,49,57
Fiji,2008,8,49,57
Fiji,2007,8,49,57
Fiji,2006,8,49,57
Fiji,2005,8,47,56
Fiji,2004,8,48,57
Fiji,2003,8,49,58
Fiji,2002,9,51,60
Fiji,2001,9,53,62
Fiji,2000,9,56,66
Finland,2013,2,7,8
Finland,2012,2,7,8
Finland,2011,2,6,8
Finland,2010,3,3,6
Finland,2009,1,4,4
Finland,2008,0,4,4
Finland,2007,3,5,8
Finland,2006,1,0,1
Finland,2005,2,4,6
Finland,2004,3,3,6
Finland,2003,3,10,13
Finland,2002,4,0,4
Finland,2001,0,7,7
Finland,2000,0,4,4
France,2013,7,64,70
France,2012,7,63,70
France,2011,7,59,65
France,2010,7,54,61
France,2009,6,53,59
France,2008,4,40,44
France,2007,2,62,64
France,2006,4,34,38
France,2005,7,54,61
France,2004,2,31,34
France,2003,6,54,60
France,2002,7,48,56
France,2001,8,47,55
France,2000,7,55,62
Gabon,2013,54,301,354
Gabon,2012,52,303,354
Gabon,2011,54,304,358
Gabon,2010,54,326,380
Gabon,2009,57,392,449
Gabon,2008,59,400,458
Gabon,2007,59,386,445
Gabon,2006,56,363,419
Gabon,2005,56,342,398
Gabon,2004,57,335,391
Gabon,2003,56,332,388
Gabon,2002,58,330,387
Gabon,2001,58,327,385
Gabon,2000,58,326,385
Gambia,2013,118,583,701
Gambia,2012,122,586,709
Gambia,2011,126,585,712
Gambia,2010,126,586,712
Gambia,2009,126,576,702
Gambia,2008,126,565,692
Gambia,2007,126,561,687
Gambia,2006,131,595,726
Gambia,2005,129,601,730
Gambia,2004,133,574,707
Gambia,2003,135,586,721
Gambia,2002,137,599,735
Gambia,2001,137,614,751
Gambia,2000,139,620,759
Georgia,2013,25,30,55
Georgia,2012,30,36,66
Georgia,2011,35,43,78
Georgia,2010,41,51,92
Georgia,2009,47,61,109
Georgia,2008,50,70,120
Georgia,2007,51,77,128
Georgia,2006,59,87,146
Georgia,2005,64,96,160
Georgia,2004,67,108,175
Georgia,2003,71,122,193
Georgia,2002,76,144,220
Georgia,2001,82,169,251
Georgia,2000,89,198,286
Germany,2013,7,48,55
Germany,2012,7,47,55
Germany,2011,7,54,61
Germany,2010,8,33,41
Germany,2009,2,64,66
Germany,2008,9,64,72
Germany,2007,7,58,65
Germany,2006,4,54,58
Germany,2005,10,64,74
Germany,2004,6,82,88
Germany,2003,8,86,94
Germany,2002,7,85,92
Germany,2001,8,100,108
Germany,2000,7,68,75
Ghana,2013,1280,6815,8095
Ghana,2012,1308,6910,8218
Ghana,2011,1332,6970,8302
Ghana,2010,1356,7019,8375
Ghana,2009,1378,6973,8351
Ghana,2008,1401,6742,8143
Ghana,2007,1427,6265,7691
Ghana,2006,1438,5988,7426
Ghana,2005,1408,5669,7077
Ghana,2004,1391,5509,6899
Ghana,2003,1362,5375,6737
Ghana,2002,1349,5270,6619
Ghana,2001,1360,5965,7324
Ghana,2000,1376,5839,7216
Greece,2013,0,11,11
Greece,2012,0,11,11
Greece,2011,0,15,15
Greece,2010,2,15,18
Greece,2009,3,19,22
Greece,2008,3,32,35
Greece,2007,0,29,29
Greece,2006,0,32,32
Greece,2005,6,26,33
Greece,2004,1,22,24
Greece,2003,6,21,27
Greece,2002,2,15,18
Greece,2001,4,19,23
Greece,2000,4,23,27
Grenada,2013,0,0,0
Grenada,2012,0,0,0
Grenada,2011,0,0,0
Grenada,2010,0,0,0
Grenada,2009,0,0,0
Grenada,2008,0,2,2
Grenada,2007,0,3,3
Grenada,2006,0,4,4
Grenada,2005,0,2,2
Grenada,2004,0,2,2
Grenada,2003,0,1,1
Grenada,2002,0,2,2
Grenada,2001,0,2,2
Grenada,2000,0,3,3
Guatemala,2013,306,2262,2568
Guatemala,2012,308,2255,2562
Guatemala,2011,316,2351,2667
Guatemala,2010,316,2385,2701
Guatemala,2009,325,2453,2777
Guatemala,2008,329,2501,2830
Guatemala,2007,351,2651,3002
Guatemala,2006,358,2706,3065
Guatemala,2005,370,2802,3172
Guatemala,2004,379,3332,3710
Guatemala,2003,388,3412,3801
Guatemala,2002,395,3496,3891
Guatemala,2001,406,3587,3993
Guatemala,2000,413,3706,4119
Guinea,2013,966,4605,5571
Guinea,2012,995,4721,5716
Guinea,2011,968,4783,5751
Guinea,2010,989,4860,5849
Guinea,2009,1033,5034,6067
Guinea,2008,1071,5626,6697
Guinea,2007,1107,5678,6785
Guinea,2006,1149,5733,6882
Guinea,2005,1184,5825,7009
Guinea,2004,1170,6028,7198
Guinea,2003,1156,6271,7427
Guinea,2002,1204,6454,7658
Guinea,2001,1275,6615,7890
Guinea,2000,1350,6892,8242
Guinea-Bissau,2013,200,877,1077
Guinea-Bissau,2012,204,895,1099
Guinea-Bissau,2011,208,882,1090
Guinea-Bissau,2010,211,923,1134
Guinea-Bissau,2009,223,953,1176
Guinea-Bissau,2008,225,1046,1271
Guinea-Bissau,2007,226,1031,1257
Guinea-Bissau,2006,214,1048,1262
Guinea-Bissau,2005,215,997,1212
Guinea-Bissau,2004,219,943,1162
Guinea-Bissau,2003,221,953,1174
Guinea-Bissau,2002,224,962,1185
Guinea-Bissau,2001,227,972,1198
Guinea-Bissau,2000,225,988,1213
Guyana,2013,9,23,31
Guyana,2012,9,25,34
Guyana,2011,10,30,40
Guyana,2010,11,38,48
Guyana,2009,11,44,55
Guyana,2008,11,45,56
Guyana,2007,7,49,57
Guyana,2006,12,54,66
Guyana,2005,12,54,66
Guyana,2004,5,59,64
Guyana,2003,2,48,50
Guyana,2002,11,64,75
Guyana,2001,15,46,60
Guyana,2000,15,63,77
Haiti,2013,326,3518,3844
Haiti,2012,339,4023,4362
Haiti,2011,349,4074,4423
Haiti,2010,591,4453,5044
Haiti,2009,382,4204,4586
Haiti,2008,388,4310,4698
Haiti,2007,405,4388,4793
Haiti,2006,428,4462,4890
Haiti,2005,441,4545,4986
Haiti,2004,458,4672,5130
Haiti,2003,480,4828,5308
Haiti,2002,506,4995,5501
Haiti,2001,533,5172,5705
Haiti,2000,558,5340,5898
Honduras,2013,164,412,576
Honduras,2012,167,436,603
Honduras,2011,171,462,633
Honduras,2010,169,496,666
Honduras,2009,171,532,703
Honduras,2008,179,545,724
Honduras,2007,189,630,819
Honduras,2006,193,668,862
Honduras,2005,187,704,891
Honduras,2004,192,718,909
Honduras,2003,193,740,933
Honduras,2002,187,788,975
Honduras,2001,189,837,1026
Honduras,2000,201,889,1090
Hungary,2013,7,22,29
Hungary,2012,7,22,29
Hungary,2011,7,27,34
Hungary,2010,5,21,26
Hungary,2009,13,20,33
Hungary,2008,11,19,30
Hungary,2007,15,36,50
Hungary,2006,13,25,38
Hungary,2005,17,37,55
Hungary,2004,7,32,39
Hungary,2003,11,40,51
Hungary,2002,9,24,33
Hungary,2001,5,38,44
Hungary,2000,16,55,71
Iceland,2013,0,0,0
Iceland,2012,0,0,0
Iceland,2011,0,0,0
Iceland,2010,0,0,0
Iceland,2009,0,0,0
Iceland,2008,0,0,0
Iceland,2007,0,0,0
Iceland,2006,0,0,0
Iceland,2005,0,0,0
Iceland,2004,0,0,0
Iceland,2003,0,0,0
Iceland,2002,0,0,0
Iceland,2001,0,0,0
Iceland,2000,0,0,0
India,2013,27338,150169,177508
India,2012,28057,161316,189373
India,2011,29194,170479,199673
India,2010,31250,184665,215914
India,2009,33802,198998,232800
India,2008,36675,218156,254830
India,2007,39919,237060,276979
India,2006,45070,252001,297071
India,2005,48192,267185,315377
India,2004,51374,287994,339368
India,2003,54752,310094,364847
India,2002,57566,333685,391252
India,2001,60894,355439,416333
India,2000,64343,376482,440825
Indonesia,2013,1932,20288,22220
Indonesia,2012,2124,22346,24470
Indonesia,2011,2356,24280,26636
Indonesia,2010,2654,25903,28557
Indonesia,2009,2976,27043,30019
Indonesia,2008,3062,27975,31038
Indonesia,2007,3117,28655,31772
Indonesia,2006,3156,28790,31946
Indonesia,2005,3265,29310,32575
Indonesia,2004,3378,30299,33676
Indonesia,2003,3549,31229,34778
Indonesia,2002,3609,32365,35975
Indonesia,2001,3785,33755,37539
Indonesia,2000,3951,35262,39213
Iran (Islamic Republic of),2013,379,2899,3278
Iran (Islamic Republic of),2012,397,3074,3471
Iran (Islamic Republic of),2011,417,3214,3632
Iran (Islamic Republic of),2010,438,3306,3744
Iran (Islamic Republic of),2009,424,3424,3848
Iran (Islamic Republic of),2008,438,3540,3978
Iran (Islamic Republic of),2007,444,3673,4117
Iran (Islamic Republic of),2006,454,3809,4263
Iran (Islamic Republic of),2005,471,3948,4420
Iran (Islamic Republic of),2004,501,4228,4730
Iran (Islamic Republic of),2003,545,4570,5115
Iran (Islamic Republic of),2002,604,5021,5625
Iran (Islamic Republic of),2001,682,5559,6241
Iran (Islamic Republic of),2000,739,6085,6824
Iraq,2013,715,4565,5280
Iraq,2012,751,4897,5648
Iraq,2011,772,5190,5961
Iraq,2010,773,5290,6063
Iraq,2009,772,5305,6077
Iraq,2008,794,5369,6163
Iraq,2007,788,5455,6243
Iraq,2006,776,5498,6274
Iraq,2005,789,5472,6261
Iraq,2004,846,5491,6337
Iraq,2003,860,5458,6318
Iraq,2002,865,5424,6289
Iraq,2001,873,5373,6247
Iraq,2000,853,5298,6151
Ireland,2013,4,3,7
Ireland,2012,4,3,7
Ireland,2011,4,4,8
Ireland,2010,4,9,13
Ireland,2009,1,2,3
Ireland,2008,0,3,3
Ireland,2007,1,0,1
Ireland,2006,1,8,9
Ireland,2005,1,10,11
Ireland,2004,1,5,6
Ireland,2003,1,12,13
Ireland,2002,1,3,4
Ireland,2001,1,14,16
Ireland,2000,1,12,13
Israel,2013,0,9,9
Israel,2012,0,10,10
Israel,2011,0,10,10
Israel,2010,0,9,9
Israel,2009,1,12,13
Israel,2008,1,19,20
Israel,2007,1,10,11
Israel,2006,1,6,8
Israel,2005,3,20,23
Israel,2004,4,24,27
Israel,2003,2,5,7
Israel,2002,2,17,19
Israel,2001,3,13,16
Israel,2000,5,10,15
Italy,2013,5,17,21
Italy,2012,5,18,23
Italy,2011,5,19,24
Italy,2010,4,23,28
Italy,2009,3,17,20
Italy,2008,3,29,32
Italy,2007,8,21,29
Italy,2006,7,28,35
Italy,2005,7,30,37
Italy,2004,5,32,37
Italy,2003,4,25,29
Italy,2002,6,56,62
Italy,2001,3,43,46
Italy,2000,10,43,53
Jamaica,2013,19,49,69
Jamaica,2012,20,55,75
Jamaica,2011,22,59,80
Jamaica,2010,22,61,83
Jamaica,2009,24,60,85
Jamaica,2008,23,60,84
Jamaica,2007,29,66,95
Jamaica,2006,31,62,93
Jamaica,2005,30,61,91
Jamaica,2004,33,63,96
Jamaica,2003,34,71,104
Jamaica,2002,29,82,111
Jamaica,2001,26,86,112
Jamaica,2000,30,94,123
Japan,2013,24,180,204
Japan,2012,26,180,206
Japan,2011,26,191,218
Japan,2010,19,197,216
Japan,2009,20,183,202
Japan,2008,17,242,259
Japan,2007,23,233,255
Japan,2006,18,220,239
Japan,2005,21,258,279
Japan,2004,24,234,258
Japan,2003,24,300,324
Japan,2002,30,297,326
Japan,2001,29,271,299
Japan,2000,25,343,368
Jordan,2013,93,284,376
Jordan,2012,96,297,393
Jordan,2011,99,307,406
Jordan,2010,101,310,411
Jordan,2009,99,306,406
Jordan,2008,98,306,404
Jordan,2007,95,308,402
Jordan,2006,95,305,400
Jordan,2005,98,313,411
Jordan,2004,100,322,422
Jordan,2003,102,341,443
Jordan,2002,110,363,473
Jordan,2001,120,405,525
Jordan,2000,142,444,586
Kazakhstan,2013,76,629,706
Kazakhstan,2012,88,725,813
Kazakhstan,2011,100,819,919
Kazakhstan,2010,112,910,1022
Kazakhstan,2009,122,991,1112
Kazakhstan,2008,127,1161,1288
Kazakhstan,2007,128,1313,1441
Kazakhstan,2006,128,1338,1466
Kazakhstan,2005,138,1359,1496
Kazakhstan,2004,131,1363,1494
Kazakhstan,2003,115,1358,1473
Kazakhstan,2002,111,1377,1488
Kazakhstan,2001,110,1399,1509
Kazakhstan,2000,109,1457,1566
Kenya,2013,2287,16289,18576
Kenya,2012,2323,16758,19081
Kenya,2011,2360,17027,19387
Kenya,2010,2422,17585,20007
Kenya,2009,2541,17825,20366
Kenya,2008,2611,18009,20621
Kenya,2007,2672,18464,21136
Kenya,2006,2715,18495,21210
Kenya,2005,2801,18271,21072
Kenya,2004,2795,18085,20880
Kenya,2003,2792,17984,20776
Kenya,2002,2770,17427,20197
Kenya,2001,2677,19596,22273
Kenya,2000,2650,19216,21867
Kiribati,2013,2,24,26
Kiribati,2012,2,24,26
Kiribati,2011,2,24,27
Kiribati,2010,2,24,27
Kiribati,2009,3,25,27
Kiribati,2008,3,25,28
Kiribati,2007,3,28,31
Kiribati,2006,3,28,31
Kiribati,2005,3,29,31
Kiribati,2004,2,29,32
Kiribati,2003,3,30,32
Kiribati,2002,3,30,33
Kiribati,2001,3,32,35
Kiribati,2000,3,33,36
Kuwait,2013,4,46,51
Kuwait,2012,4,46,51
Kuwait,2011,4,50,54
Kuwait,2010,1,30,31
Kuwait,2009,3,29,32
Kuwait,2008,3,21,24
Kuwait,2007,3,31,34
Kuwait,2006,1,19,20
Kuwait,2005,2,22,24
Kuwait,2004,1,22,23
Kuwait,2003,5,24,29
Kuwait,2002,4,27,31
Kuwait,2001,3,26,29
Kuwait,2000,3,27,30
Kyrgyzstan,2013,67,439,506
Kyrgyzstan,2012,71,470,541
Kyrgyzstan,2011,75,497,571
Kyrgyzstan,2010,77,520,596
Kyrgyzstan,2009,77,631,708
Kyrgyzstan,2008,74,639,713
Kyrgyzstan,2007,72,632,704
Kyrgyzstan,2006,68,629,697
Kyrgyzstan,2005,68,633,701
Kyrgyzstan,2004,67,653,720
Kyrgyzstan,2003,69,695,765
Kyrgyzstan,2002,75,751,826
Kyrgyzstan,2001,81,816,897
Kyrgyzstan,2000,89,880,969
Lao People's Democratic Republic,2013,307,2245,2552
Lao People's Democratic Republic,2012,324,2446,2771
Lao People's Democratic Republic,2011,357,2581,2938
Lao People's Democratic Republic,2010,383,2595,2978
Lao People's Democratic Republic,2009,382,2894,3276
Lao People's Democratic Republic,2008,378,2819,3197
Lao People's Democratic Republic,2007,376,2724,3099
Lao People's Democratic Republic,2006,363,2655,3018
Lao People's Democratic Republic,2005,355,2674,3029
Lao People's Democratic Republic,2004,363,2724,3087
Lao People's Democratic Republic,2003,378,2844,3221
Lao People's Democratic Republic,2002,403,3029,3432
Lao People's Democratic Republic,2001,441,3263,3704
Lao People's Democratic Republic,2000,469,3452,3921
Latvia,2013,2,2,3
Latvia,2012,2,2,4
Latvia,2011,2,2,4
Latvia,2010,2,6,8
Latvia,2009,18,4,22
Latvia,2008,10,0,10
Latvia,2007,11,8,19
Latvia,2006,14,4,18
Latvia,2005,13,10,23
Latvia,2004,12,4,16
Latvia,2003,12,5,16
Latvia,2002,10,4,14
Latvia,2001,9,9,18
Latvia,2000,9,6,15
Lebanon,2013,13,28,41
Lebanon,2012,12,27,40
Lebanon,2011,12,26,38
Lebanon,2010,12,28,39
Lebanon,2009,12,30,43
Lebanon,2008,14,35,49
Lebanon,2007,17,43,60
Lebanon,2006,21,52,72
Lebanon,2005,23,61,84
Lebanon,2004,26,70,97
Lebanon,2003,30,76,106
Lebanon,2002,29,92,122
Lebanon,2001,32,101,133
Lebanon,2000,35,111,146
Lesotho,2013,162,540,702
Lesotho,2012,163,552,716
Lesotho,2011,164,568,732
Lesotho,2010,166,573,739
Lesotho,2009,168,557,725
Lesotho,2008,169,601,770
Lesotho,2007,156,614,770
Lesotho,2006,154,588,742
Lesotho,2005,152,577,729
Lesotho,2004,153,572,724
Lesotho,2003,155,578,733
Lesotho,2002,160,593,752
Lesotho,2001,164,608,772
Lesotho,2000,163,617,780
Liberia,2013,224,1265,1489
Liberia,2012,235,1303,1538
Liberia,2011,240,1369,1609
Liberia,2010,257,1489,1746
Liberia,2009,260,1473,1733
Liberia,2008,271,1455,1726
Liberia,2007,287,1594,1881
Liberia,2006,288,1646,1934
Liberia,2005,306,1718,2024
Liberia,2004,334,1823,2158
Liberia,2003,365,1965,2330
Liberia,2002,406,2118,2523
Liberia,2001,431,2234,2666
Liberia,2000,441,2306,2746
Libya,2013,28,112,140
Libya,2012,30,121,151
Libya,2011,34,158,193
Libya,2010,39,138,176
Libya,2009,44,153,197
Libya,2008,47,169,216
Libya,2007,51,192,243
Libya,2006,58,225,283
Libya,2005,63,247,310
Libya,2004,68,263,331
Libya,2003,67,274,342
Libya,2002,71,281,352
Libya,2001,66,293,359
Libya,2000,62,310,372
Lithuania,2013,1,5,6
Lithuania,2012,1,6,7
Lithuania,2011,1,7,8
Lithuania,2010,1,5,6
Lithuania,2009,1,20,22
Lithuania,2008,4,9,13
Lithuania,2007,7,11,17
Lithuania,2006,4,16,20
Lithuania,2005,6,23,29
Lithuania,2004,2,20,23
Lithuania,2003,9,19,28
Lithuania,2002,8,26,34
Lithuania,2001,6,18,23
Lithuania,2000,7,27,35
Luxembourg,2013,0,0,0
Luxembourg,2012,0,0,0
Luxembourg,2011,0,0,0
Luxembourg,2010,0,0,0
Luxembourg,2009,0,0,0
Luxembourg,2008,0,1,1
Luxembourg,2007,0,1,1
Luxembourg,2006,0,1,1
Luxembourg,2005,0,0,0
Luxembourg,2004,0,0,0
Luxembourg,2003,0,0,0
Luxembourg,2002,0,0,0
Luxembourg,2001,0,0,0
Luxembourg,2000,0,0,0
Madagascar,2013,882,7100,7982
Madagascar,2012,893,7300,8194
Madagascar,2011,902,7912,8815
Madagascar,2010,930,8194,9124
Madagascar,2009,953,8339,9293
Madagascar,2008,965,9031,9995
Madagascar,2007,956,9832,10789
Madagascar,2006,990,8649,9638
Madagascar,2005,1034,7949,8983
Madagascar,2004,1101,10105,11206
Madagascar,2003,1179,10175,11354
Madagascar,2002,1269,11485,12754
Madagascar,2001,1341,11997,13338
Madagascar,2000,1408,12789,14197
Malawi,2013,707,4758,5465
Malawi,2012,740,4979,5719
Malawi,2011,807,5351,6158
Malawi,2010,870,5586,6457
Malawi,2009,926,5588,6514
Malawi,2008,976,5907,6883
Malawi,2007,1026,6298,7324
Malawi,2006,1055,6354,7409
Malawi,2005,1083,6614,7696
Malawi,2004,1144,7107,8251
Malawi,2003,1241,7547,8787
Malawi,2002,1338,8117,9455
Malawi,2001,1445,9516,10961
Malawi,2000,1569,10125,11694
Malaysia,2013,72,234,306
Malaysia,2012,68,222,290
Malaysia,2011,68,214,282
Malaysia,2010,68,210,278
Malaysia,2009,68,203,272
Malaysia,2008,61,200,261
Malaysia,2007,57,206,262
Malaysia,2006,58,215,273
Malaysia,2005,60,225,286
Malaysia,2004,62,245,308
Malaysia,2003,64,284,349
Malaysia,2002,73,313,386
Malaysia,2001,81,355,436
Malaysia,2000,89,400,488
Maldives,2013,2,4,6
Maldives,2012,2,4,6
Maldives,2011,2,5,7
Maldives,2010,2,6,8
Maldives,2009,2,7,9
Maldives,2008,3,7,10
Maldives,2007,3,8,11
Maldives,2006,4,10,14
Maldives,2005,4,12,17
Maldives,2004,5,16,21
Maldives,2003,6,20,26
Maldives,2002,7,26,33
Maldives,2001,7,33,40
Maldives,2000,8,42,50
Mali,2013,1747,11433,13180
Mali,2012,1802,11579,13381
Mali,2011,1813,11322,13134
Mali,2010,1841,11575,13416
Mali,2009,1912,12089,14001
Mali,2008,1940,12242,14182
Mali,2007,1969,12778,14747
Mali,2006,2032,12370,14401
Mali,2005,2109,11928,14037
Mali,2004,2224,11917,14141
Mali,2003,2140,12134,14274
Mali,2002,2144,12350,14494
Mali,2001,2184,12445,14629
Mali,2000,2252,12346,14598
Malta,2013,0,0,0
Malta,2012,0,0,0
Malta,2011,0,0,0
Malta,2010,0,0,0
Malta,2009,0,0,0
Malta,2008,0,0,0
Malta,2007,0,0,0
Malta,2006,0,1,1
Malta,2005,0,1,1
Malta,2004,0,1,1
Malta,2003,0,0,0
Malta,2002,0,0,0
Malta,2001,0,0,0
Malta,2000,1,0,1
Marshall Islands,2013,1,10,10
Marshall Islands,2012,1,9,10
Marshall Islands,2011,1,9,10
Marshall Islands,2010,1,9,10
Marshall Islands,2009,1,9,10
Marshall Islands,2008,1,10,11
Marshall Islands,2007,1,10,12
Marshall Islands,2006,1,11,12
Marshall Islands,2005,1,12,13
Marshall Islands,2004,1,12,14
Marshall Islands,2003,1,12,14
Marshall Islands,2002,1,12,14
Marshall Islands,2001,1,14,15
Marshall Islands,2000,1,13,15
Mauritania,2013,249,1585,1834
Mauritania,2012,254,1617,1871
Mauritania,2011,266,1642,1907
Mauritania,2010,272,1680,1952
Mauritania,2009,279,1695,1974
Mauritania,2008,268,1891,2159
Mauritania,2007,267,1890,2157
Mauritania,2006,262,1880,2141
Mauritania,2005,256,1857,2113
Mauritania,2004,251,1821,2073
Mauritania,2003,246,1776,2023
Mauritania,2002,245,1729,1973
Mauritania,2001,234,1690,1924
Mauritania,2000,234,1647,1880
Mauritius,2013,7,13,20
Mauritius,2012,6,13,19
Mauritius,2011,6,14,20
Mauritius,2010,7,11,18
Mauritius,2009,8,12,20
Mauritius,2008,2,15,17
Mauritius,2007,0,18,18
Mauritius,2006,3,15,18
Mauritius,2005,6,14,20
Mauritius,2004,3,20,23
Mauritius,2003,3,19,23
Mauritius,2002,2,12,14
Mauritius,2001,2,17,18
Mauritius,2000,1,12,13
Mexico,2013,724,3009,3733
Mexico,2012,779,3200,3979
Mexico,2011,812,3559,4371
Mexico,2010,865,4031,4896
Mexico,2009,832,4276,5108
Mexico,2008,869,4286,5154
Mexico,2007,908,4576,5484
Mexico,2006,1077,5202,6279
Mexico,2005,1097,5536,6632
Mexico,2004,1189,6425,7614
Mexico,2003,1175,6320,7495
Mexico,2002,1282,7613,8895
Mexico,2001,1416,7581,8997
Mexico,2000,1575,8704,10279
Micronesia (Federated States of),2013,1,14,16
Micronesia (Federated States of),2012,1,15,16
Micronesia (Federated States of),2011,2,15,17
Micronesia (Federated States of),2010,2,17,18
Micronesia (Federated States of),2009,2,17,18
Micronesia (Federated States of),2008,2,18,19
Micronesia (Federated States of),2007,2,18,20
Micronesia (Federated States of),2006,2,20,22
Micronesia (Federated States of),2005,2,20,23
Micronesia (Federated States of),2004,2,22,24
Micronesia (Federated States of),2003,3,24,26
Micronesia (Federated States of),2002,3,25,28
Micronesia (Federated States of),2001,3,26,30
Micronesia (Federated States of),2000,4,27,31
Monaco,2013,0,0,0
Monaco,2012,0,0,0
Monaco,2011,0,0,0
Monaco,2010,0,0,0
Monaco,2009,0,0,0
Monaco,2008,0,0,0
Monaco,2007,0,0,0
Monaco,2006,0,0,0
Monaco,2005,0,0,0
Monaco,2004,0,0,0
Monaco,2003,0,0,0
Monaco,2002,0,0,0
Monaco,2001,0,0,0
Monaco,2000,0,0,0
Mongolia,2013,26,310,337
Mongolia,2012,28,323,351
Mongolia,2011,29,336,366
Mongolia,2010,30,347,377
Mongolia,2009,30,350,380
Mongolia,2008,29,346,375
Mongolia,2007,27,353,380
Mongolia,2006,28,366,394
Mongolia,2005,27,393,420
Mongolia,2004,28,430,458
Mongolia,2003,29,464,494
Mongolia,2002,32,510,542
Mongolia,2001,35,559,594
Mongolia,2000,38,610,648
Montenegro,2013,2,0,2
Montenegro,2012,2,1,2
Montenegro,2011,2,1,3
Montenegro,2010,3,1,3
Montenegro,2009,2,0,2
Montenegro,2008,1,1,3
Montenegro,2007,1,3,4
Montenegro,2006,1,3,5
Montenegro,2005,2,3,5
Montenegro,2004,2,3,5
Montenegro,2003,2,2,5
Montenegro,2002,3,1,4
Montenegro,2001,3,0,3
Montenegro,2000,3,0,3
Morocco,2013,478,2506,2984
Morocco,2012,460,2447,2908
Morocco,2011,436,2397,2833
Morocco,2010,422,2383,2805
Morocco,2009,415,2405,2819
Morocco,2008,428,2492,2919
Morocco,2007,440,2652,3092
Morocco,2006,461,3277,3738
Morocco,2005,491,3430,3921
Morocco,2004,504,3593,4097
Morocco,2003,534,3824,4358
Morocco,2002,572,4011,4583
Morocco,2001,616,4271,4887
Morocco,2000,673,4611,5283
Mozambique,2013,1677,9992,11669
Mozambique,2012,1710,10382,12092
Mozambique,2011,1801,10387,12187
Mozambique,2010,1893,10231,12123
Mozambique,2009,2002,10444,12446
Mozambique,2008,2139,12260,14399
Mozambique,2007,2299,12273,14572
Mozambique,2006,2478,12431,14909
Mozambique,2005,2592,12639,15232
Mozambique,2004,2606,13006,15612
Mozambique,2003,2673,13216,15889
Mozambique,2002,2732,13267,15999
Mozambique,2001,2807,13390,16197
Mozambique,2000,2958,13741,16699
Myanmar,2013,824,6137,6960
Myanmar,2012,897,7251,8148
Myanmar,2011,931,7519,8450
Myanmar,2010,984,7738,8722
Myanmar,2009,1016,7928,8945
Myanmar,2008,1059,8143,9201
Myanmar,2007,1088,8500,9588
Myanmar,2006,1120,8816,9936
Myanmar,2005,1170,9248,10418
Myanmar,2004,1206,9799,11005
Myanmar,2003,1294,10469,11763
Myanmar,2002,1413,11220,12633
Myanmar,2001,1548,11980,13528
Myanmar,2000,1604,12749,14353
Namibia,2013,51,377,428
Namibia,2012,51,391,443
Namibia,2011,51,410,461
Namibia,2010,53,420,472
Namibia,2009,55,483,538
Namibia,2008,56,488,544
Namibia,2007,56,493,549
Namibia,2006,60,471,531
Namibia,2005,61,484,544
Namibia,2004,63,456,519
Namibia,2003,65,494,559
Namibia,2002,70,499,568
Namibia,2001,76,474,550
Namibia,2000,72,497,569
Nauru,2013,0,1,1
Nauru,2012,0,1,1
Nauru,2011,0,1,1
Nauru,2010,0,1,1
Nauru,2009,0,1,1
Nauru,2008,0,1,1
Nauru,2007,0,1,1
Nauru,2006,0,1,1
Nauru,2005,0,1,1
Nauru,2004,0,1,1
Nauru,2003,0,1,1
Nauru,2002,0,1,1
Nauru,2001,0,1,1
Nauru,2000,0,1,1
Nepal,2013,471,2878,3349
Nepal,2012,503,3104,3606
Nepal,2011,555,3359,3914
Nepal,2010,620,4303,4923
Nepal,2009,705,4602,5307
Nepal,2008,810,4690,5500
Nepal,2007,922,4854,5776
Nepal,2006,1038,5076,6114
Nepal,2005,1176,5416,6591
Nepal,2004,1328,5812,7140
Nepal,2003,1433,6301,7734
Nepal,2002,1563,6828,8391
Nepal,2001,1660,7324,8983
Nepal,2000,1740,7835,9575
Netherlands,2013,2,13,14
Netherlands,2012,2,13,15
Netherlands,2011,1,12,13
Netherlands,2010,7,14,21
Netherlands,2009,2,15,17
Netherlands,2008,5,13,18
Netherlands,2007,2,13,15
Netherlands,2006,0,16,16
Netherlands,2005,3,23,26
Netherlands,2004,2,19,22
Netherlands,2003,3,20,23
Netherlands,2002,1,19,20
Netherlands,2001,3,26,29
Netherlands,2000,6,22,28
New Zealand,2013,9,13,21
New Zealand,2012,9,13,22
New Zealand,2011,10,15,24
New Zealand,2010,10,17,26
New Zealand,2009,10,19,29
New Zealand,2008,15,19,34
New Zealand,2007,6,23,29
New Zealand,2006,6,21,27
New Zealand,2005,5,19,25
New Zealand,2004,3,30,33
New Zealand,2003,2,10,12
New Zealand,2002,3,12,16
New Zealand,2001,1,9,10
New Zealand,2000,3,21,23
Nicaragua,2013,100,401,501
Nicaragua,2012,105,428,533
Nicaragua,2011,112,456,568
Nicaragua,2010,118,488,606
Nicaragua,2009,123,517,640
Nicaragua,2008,125,537,663
Nicaragua,2007,134,556,690
Nicaragua,2006,140,565,704
Nicaragua,2005,141,591,732
Nicaragua,2004,142,602,745
Nicaragua,2003,146,672,818
Nicaragua,2002,149,719,869
Nicaragua,2001,153,794,946
Nicaragua,2000,157,854,1011
Niger,2013,1470,13786,15256
Niger,2012,1294,13899,15193
Niger,2011,1517,14464,15981
Niger,2010,1452,14791,16243
Niger,2009,1522,14673,16195
Niger,2008,1638,16483,18121
Niger,2007,1711,17215,18926
Niger,2006,1794,17605,19400
Niger,2005,1897,16749,18645
Niger,2004,2016,16131,18148
Niger,2003,2148,16318,18466
Niger,2002,2274,16493,18767
Niger,2001,2390,16482,18872
Niger,2000,2484,16011,18495
Nigeria,2013,17113,103086,120199
Nigeria,2012,16996,110749,127745
Nigeria,2011,18795,112896,131691
Nigeria,2010,19327,110214,129541
Nigeria,2009,19178,104527,123705
Nigeria,2008,20080,100688,120767
Nigeria,2007,20930,99645,120575
Nigeria,2006,21403,99013,120416
Nigeria,2005,21935,99443,121378
Nigeria,2004,22496,100095,122591
Nigeria,2003,22959,100837,123796
Nigeria,2002,23426,101155,124582
Nigeria,2001,23542,101176,124719
Nigeria,2000,23536,101254,124790
Niue,2013,0,0,0
Niue,2012,0,0,0
Niue,2011,0,0,0
Niue,2010,0,0,0
Niue,2009,0,0,0
Niue,2008,0,0,0
Niue,2007,0,0,0
Niue,2006,0,0,0
Niue,2005,0,0,0
Niue,2004,0,0,0
Niue,2003,0,0,0
Niue,2002,0,0,0
Niue,2001,0,0,0
Niue,2000,0,0,0
Norway,2013,0,4,4
Norway,2012,0,4,4
Norway,2011,0,3,3
Norway,2010,0,3,3
Norway,2009,1,9,10
Norway,2008,0,2,2
Norway,2007,0,10,10
Norway,2006,1,0,1
Norway,2005,1,6,7
Norway,2004,0,1,1
Norway,2003,1,5,6
Norway,2002,0,5,5
Norway,2001,0,4,4
Norway,2000,3,6,9
Oman,2013,5,49,54
Oman,2012,5,48,53
Oman,2011,5,46,51
Oman,2010,5,45,50
Oman,2009,5,43,48
Oman,2008,4,45,49
Oman,2007,5,45,49
Oman,2006,5,44,50
Oman,2005,7,47,54
Oman,2004,7,48,56
Oman,2003,8,52,60
Oman,2002,8,58,66
Oman,2001,9,69,77
Oman,2000,10,78,88
Pakistan,2013,9852,57626,67478
Pakistan,2012,10545,60980,71525
Pakistan,2011,11339,62855,74194
Pakistan,2010,12030,62477,74507
Pakistan,2009,12415,63741,76156
Pakistan,2008,11877,70149,82026
Pakistan,2007,11660,68461,80121
Pakistan,2006,11558,67359,78918
Pakistan,2005,11673,68182,79855
Pakistan,2004,12041,70225,82267
Pakistan,2003,12871,73512,86383
Pakistan,2002,13967,77733,91700
Pakistan,2001,14900,81504,96404
Pakistan,2000,15722,84433,100155
Palau,2013,0,0,0
Palau,2012,0,0,1
Palau,2011,0,0,0
Palau,2010,0,0,1
Palau,2009,0,0,0
Palau,2008,0,0,1
Palau,2007,0,1,1
Palau,2006,0,1,1
Palau,2005,0,1,1
Palau,2004,0,1,1
Palau,2003,0,1,1
Palau,2002,0,1,1
Palau,2001,0,1,1
Palau,2000,0,1,1
Panama,2013,24,160,184
Panama,2012,25,165,190
Panama,2011,25,167,192
Panama,2010,26,167,193
Panama,2009,27,126,152
Panama,2008,35,204,239
Panama,2007,31,191,221
Panama,2006,29,164,194
Panama,2005,55,176,231
Panama,2004,27,141,168
Panama,2003,17,137,154
Panama,2002,21,122,143
Panama,2001,44,136,179
Panama,2000,58,144,203
Papua New Guinea,2013,248,1910,2158
Papua New Guinea,2012,259,1996,2254
Papua New Guinea,2011,265,2076,2340
Papua New Guinea,2010,275,2032,2307
Papua New Guinea,2009,282,1771,2053
Papua New Guinea,2008,290,2234,2525
Papua New Guinea,2007,296,2192,2488
Papua New Guinea,2006,291,2115,2406
Papua New Guinea,2005,299,2138,2437
Papua New Guinea,2004,306,1856,2162
Papua New Guinea,2003,312,2063,2375
Papua New Guinea,2002,314,2120,2434
Papua New Guinea,2001,316,1962,2278
Papua New Guinea,2000,329,1882,2211
Paraguay,2013,104,309,413
Paraguay,2012,105,321,427
Paraguay,2011,104,334,439
Paraguay,2010,109,346,456
Paraguay,2009,118,362,480
Paraguay,2008,119,389,508
Paraguay,2007,125,420,545
Paraguay,2006,134,441,576
Paraguay,2005,149,461,610
Paraguay,2004,164,473,636
Paraguay,2003,173,477,651
Paraguay,2002,177,557,734
Paraguay,2001,179,587,767
Paraguay,2000,180,601,781
Peru,2013,213,847,1059
Peru,2012,210,927,1137
Peru,2011,241,986,1226
Peru,2010,271,1097,1368
Peru,2009,302,1233,1534
Peru,2008,332,1360,1692
Peru,2007,366,1498,1864
Peru,2006,394,1687,2080
Peru,2005,440,1751,2190
Peru,2004,492,2042,2533
Peru,2003,480,2391,2870
Peru,2002,486,2648,3134
Peru,2001,527,2848,3375
Peru,2000,520,3298,3818
Philippines,2013,1050,10793,11843
Philippines,2012,1030,12330,13360
Philippines,2011,1045,12675,13720
Philippines,2010,1070,13154,14224
Philippines,2009,1078,13487,14565
Philippines,2008,1119,13960,15079
Philippines,2007,1201,14535,15736
Philippines,2006,1278,14982,16259
Philippines,2005,1340,15432,16772
Philippines,2004,1396,15727,17124
Philippines,2003,1459,15966,17426
Philippines,2002,1479,16173,17652
Philippines,2001,1469,16207,17676
Philippines,2000,1494,16344,17838
Poland,2013,12,74,87
Poland,2012,13,75,89
Poland,2011,14,71,85
Poland,2010,20,90,110
Poland,2009,21,103,124
Poland,2008,25,87,111
Poland,2007,27,97,124
Poland,2006,30,93,123
Poland,2005,26,99,125
Poland,2004,26,103,129
Poland,2003,31,99,129
Poland,2002,25,85,110
Poland,2001,26,113,139
Poland,2000,30,137,167
Portugal,2013,2,8,10
Portugal,2012,2,8,10
Portugal,2011,2,9,11
Portugal,2010,2,4,6
Portugal,2009,3,17,19
Portugal,2008,3,10,12
Portugal,2007,3,8,11
Portugal,2006,2,13,16
Portugal,2005,3,16,19
Portugal,2004,3,18,22
Portugal,2003,4,25,29
Portugal,2002,4,28,31
Portugal,2001,5,24,29
Portugal,2000,5,24,29
Qatar,2013,0,8,8
Qatar,2012,0,7,7
Qatar,2011,0,7,7
Qatar,2010,0,6,6
Qatar,2009,0,6,6
Qatar,2008,0,6,6
Qatar,2007,0,6,6
Qatar,2006,0,6,6
Qatar,2005,0,6,6
Qatar,2004,0,6,6
Qatar,2003,0,6,6
Qatar,2002,0,7,7
Qatar,2001,0,7,7
Qatar,2000,0,8,8
Republic of Korea,2013,2,51,54
Republic of Korea,2012,2,54,56
Republic of Korea,2011,2,56,59
Republic of Korea,2010,3,53,56
Republic of Korea,2009,5,56,61
Republic of Korea,2008,2,52,54
Republic of Korea,2007,5,48,53
Republic of Korea,2006,9,61,69
Republic of Korea,2005,7,55,62
Republic of Korea,2004,14,63,77
Republic of Korea,2003,8,94,102
Republic of Korea,2002,15,119,135
Republic of Korea,2001,13,135,148
Republic of Korea,2000,27,150,178
Republic of Moldova,2013,44,71,115
Republic of Moldova,2012,50,80,130
Republic of Moldova,2011,51,101,152
Republic of Moldova,2010,66,106,173
Republic of Moldova,2009,78,117,196
Republic of Moldova,2008,76,124,200
Republic of Moldova,2007,138,114,252
Republic of Moldova,2006,112,145,257
Republic of Moldova,2005,122,127,250
Republic of Moldova,2004,95,133,228
Republic of Moldova,2003,143,177,320
Republic of Moldova,2002,133,194,326
Republic of Moldova,2001,154,258,412
Republic of Moldova,2000,157,305,462
Romania,2013,201,535,736
Romania,2012,209,572,781
Romania,2011,221,585,806
Romania,2010,232,653,885
Romania,2009,227,662,889
Romania,2008,287,758,1045
Romania,2007,261,775,1037
Romania,2006,212,842,1054
Romania,2005,247,965,1212
Romania,2004,289,1187,1475
Romania,2003,374,1256,1630
Romania,2002,479,1575,2054
Romania,2001,526,1736,2262
Romania,2000,549,1817,2366
Russian Federation,2013,205,1103,1307
Russian Federation,2012,221,1168,1389
Russian Federation,2011,249,1311,1560
Russian Federation,2010,287,1391,1678
Russian Federation,2009,336,1492,1828
Russian Federation,2008,334,1575,1909
Russian Federation,2007,423,1725,2147
Russian Federation,2006,499,1907,2405
Russian Federation,2005,629,2113,2741
Russian Federation,2004,735,2325,3060
Russian Federation,2003,833,2622,3455
Russian Federation,2002,947,2957,3904
Russian Federation,2001,1007,3242,4249
Russian Federation,2000,1044,3469,4513
Rwanda,2013,415,3436,3850
Rwanda,2012,456,3742,4197
Rwanda,2011,494,4050,4544
Rwanda,2010,535,4213,4748
Rwanda,2009,549,4306,4856
Rwanda,2008,549,4262,4812
Rwanda,2007,523,4240,4763
Rwanda,2006,503,4437,4940
Rwanda,2005,558,5199,5756
Rwanda,2004,729,6387,7116
Rwanda,2003,1037,8119,9157
Rwanda,2002,1483,10477,11960
Rwanda,2001,1894,13923,15817
Rwanda,2000,2176,14292,16468
Saint Kitts and Nevis,2013,0,0,0
Saint Kitts and Nevis,2012,0,0,0
Saint Kitts and Nevis,2011,0,0,0
Saint Kitts and Nevis,2010,0,0,0
Saint Kitts and Nevis,2009,0,0,0
Saint Kitts and Nevis,2008,0,0,0
Saint Kitts and Nevis,2007,0,0,0
Saint Kitts and Nevis,2006,0,0,0
Saint Kitts and Nevis,2005,0,0,0
Saint Kitts and Nevis,2004,0,0,0
Saint Kitts and Nevis,2003,0,1,1
Saint Kitts and Nevis,2002,0,1,1
Saint Kitts and Nevis,2001,0,0,0
Saint Kitts and Nevis,2000,0,0,0
Saint Lucia,2013,4,4,8
Saint Lucia,2012,4,4,8
Saint Lucia,2011,4,4,8
Saint Lucia,2010,4,4,8
Saint Lucia,2009,4,4,8
Saint Lucia,2008,3,3,7
Saint Lucia,2007,2,4,6
Saint Lucia,2006,1,5,5
Saint Lucia,2005,0,3,3
Saint Lucia,2004,0,3,3
Saint Lucia,2003,0,2,2
Saint Lucia,2002,0,3,3
Saint Lucia,2001,0,3,3
Saint Lucia,2000,0,2,2
Saint Vincent and the Grenadines,2013,0,1,1
Saint Vincent and the Grenadines,2012,0,1,1
Saint Vincent and the Grenadines,2011,0,2,2
Saint Vincent and the Grenadines,2010,0,1,1
Saint Vincent and the Grenadines,2009,0,1,1
Saint Vincent and the Grenadines,2008,1,0,1
Saint Vincent and the Grenadines,2007,0,0,1
Saint Vincent and the Grenadines,2006,0,1,1
Saint Vincent and the Grenadines,2005,0,1,1
Saint Vincent and the Grenadines,2004,0,1,1
Saint Vincent and the Grenadines,2003,0,1,1
Saint Vincent and the Grenadines,2002,0,1,1
Saint Vincent and the Grenadines,2001,0,1,1
Saint Vincent and the Grenadines,2000,0,1,1
Samoa,2013,3,7,10
Samoa,2012,3,8,11
Samoa,2011,3,8,11
Samoa,2010,3,9,12
Samoa,2009,3,9,12
Samoa,2008,3,8,11
Samoa,2007,3,10,13
Samoa,2006,3,10,13
Samoa,2005,3,10,13
Samoa,2004,3,10,13
Samoa,2003,3,11,14
Samoa,2002,3,12,15
Samoa,2001,3,12,16
Samoa,2000,3,13,17
San Marino,2013,0,0,0
San Marino,2012,0,0,0
San Marino,2011,0,0,0
San Marino,2010,0,0,0
San Marino,2009,0,0,0
San Marino,2008,0,0,0
San Marino,2007,0,0,0
San Marino,2006,0,0,0
San Marino,2005,0,0,0
San Marino,2004,0,0,0
San Marino,2003,0,0,0
San Marino,2002,0,0,0
San Marino,2001,0,0,0
San Marino,2000,0,0,0
Sao Tome and Principe,2013,6,46,52
Sao Tome and Principe,2012,6,48,54
Sao Tome and Principe,2011,7,49,56
Sao Tome and Principe,2010,7,51,57
Sao Tome and Principe,2009,7,61,68
Sao Tome and Principe,2008,7,62,69
Sao Tome and Principe,2007,7,63,71
Sao Tome and Principe,2006,7,64,71
Sao Tome and Principe,2005,7,64,71
Sao Tome and Principe,2004,7,64,71
Sao Tome and Principe,2003,7,64,71
Sao Tome and Principe,2002,7,65,72
Sao Tome and Principe,2001,7,67,74
Sao Tome and Principe,2000,8,68,76
Saudi Arabia,2013,64,527,591
Saudi Arabia,2012,69,567,637
Saudi Arabia,2011,91,612,703
Saudi Arabia,2010,106,649,755
Saudi Arabia,2009,112,701,813
Saudi Arabia,2008,113,733,846
Saudi Arabia,2007,129,758,887
Saudi Arabia,2006,140,774,914
Saudi Arabia,2005,152,797,949
Saudi Arabia,2004,174,854,1028
Saudi Arabia,2003,196,918,1114
Saudi Arabia,2002,216,991,1207
Saudi Arabia,2001,218,1190,1408
Saudi Arabia,2000,233,1293,1526
Senegal,2013,580,3049,3628
Senegal,2012,598,3161,3760
Senegal,2011,613,3357,3970
Senegal,2010,642,3690,4331
Senegal,2009,683,3902,4586
Senegal,2008,731,3846,4576
Senegal,2007,792,3917,4709
Senegal,2006,855,4129,4984
Senegal,2005,901,4800,5701
Senegal,2004,942,5206,6148
Senegal,2003,1031,5411,6442
Senegal,2002,1070,5659,6728
Senegal,2001,1010,5854,6864
Senegal,2000,1033,5942,6975
Serbia,2013,8,26,33
Serbia,2012,8,28,37
Serbia,2011,9,31,39
Serbia,2010,6,26,32
Serbia,2009,17,33,49
Serbia,2008,2,39,40
Serbia,2007,12,43,55
Serbia,2006,10,28,37
Serbia,2005,14,45,59
Serbia,2004,2,57,59
Serbia,2003,15,61,76
Serbia,2002,8,38,46
Serbia,2001,7,48,54
Serbia,2000,12,70,82
Seychelles,2013,0,1,1
Seychelles,2012,0,1,1
Seychelles,2011,0,1,1
Seychelles,2010,0,1,1
Seychelles,2009,0,1,1
Seychelles,2008,0,1,1
Seychelles,2007,0,1,1
Seychelles,2006,0,1,1
Seychelles,2005,0,1,1
Seychelles,2004,0,1,1
Seychelles,2003,0,1,1
Seychelles,2002,0,1,1
Seychelles,2001,0,1,1
Seychelles,2000,0,1,1
Sierra Leone,2013,811,4872,5683
Sierra Leone,2012,836,4991,5826
Sierra Leone,2011,852,4943,5794
Sierra Leone,2010,871,4575,5446
Sierra Leone,2009,958,4448,5405
Sierra Leone,2008,1023,4627,5650
Sierra Leone,2007,1052,4593,5645
Sierra Leone,2006,1035,4956,5991
Sierra Leone,2005,1025,4934,5959
Sierra Leone,2004,1027,4920,5947
Sierra Leone,2003,1014,4864,5878
Sierra Leone,2002,1015,4770,5786
Sierra Leone,2001,997,4661,5658
Sierra Leone,2000,919,4570,5489
Singapore,2013,3,10,13
Singapore,2012,3,10,12
Singapore,2011,3,13,16
Singapore,2010,0,11,11
Singapore,2009,4,18,21
Singapore,2008,3,15,19
Singapore,2007,4,27,31
Singapore,2006,3,22,25
Singapore,2005,2,25,27
Singapore,2004,2,22,24
Singapore,2003,3,27,30
Singapore,2002,1,19,20
Singapore,2001,1,18,20
Singapore,2000,1,14,15
Slovakia,2013,3,28,31
Slovakia,2012,4,30,34
Slovakia,2011,4,32,36
Slovakia,2010,4,30,34
Slovakia,2009,3,34,38
Slovakia,2008,11,47,58
Slovakia,2007,12,46,58
Slovakia,2006,5,34,39
Slovakia,2005,7,42,49
Slovakia,2004,15,40,55
Slovakia,2003,9,38,46
Slovakia,2002,11,45,56
Slovakia,2001,10,45,55
Slovakia,2000,15,56,71
Slovenia,2013,0,1,1
Slovenia,2012,0,1,1
Slovenia,2011,0,1,1
Slovenia,2010,0,2,2
Slovenia,2009,0,2,2
Slovenia,2008,1,0,1
Slovenia,2007,0,3,3
Slovenia,2006,0,0,0
Slovenia,2005,0,1,1
Slovenia,2004,0,1,1
Slovenia,2003,0,4,4
Slovenia,2002,0,2,2
Slovenia,2001,1,1,2
Slovenia,2000,0,0,0
Solomon Islands,2013,8,83,91
Solomon Islands,2012,8,85,93
Solomon Islands,2011,8,88,96
Solomon Islands,2010,9,88,97
Solomon Islands,2009,9,91,100
Solomon Islands,2008,9,90,99
Solomon Islands,2007,9,95,104
Solomon Islands,2006,9,77,85
Solomon Islands,2005,9,75,83
Solomon Islands,2004,9,62,70
Solomon Islands,2003,8,75,83
Solomon Islands,2002,8,67,75
Solomon Islands,2001,7,63,70
Solomon Islands,2000,7,62,69
Somalia,2013,1684,10460,12144
Somalia,2012,1712,11155,12867
Somalia,2011,1730,11275,13005
Somalia,2010,1748,11527,13274
Somalia,2009,1797,11254,13051
Somalia,2008,1671,10922,12593
Somalia,2007,1660,11021,12680
Somalia,2006,1586,10737,12322
Somalia,2005,1521,10396,11917
Somalia,2004,1491,10093,11584
Somalia,2003,1444,9848,11292
Somalia,2002,1477,9560,11036
Somalia,2001,1394,9240,10633
Somalia,2000,1357,8861,10217
South Africa,2013,1166,6613,7778
South Africa,2012,1222,6933,8155
South Africa,2011,1291,7411,8702
South Africa,2010,1347,8018,9366
South Africa,2009,1438,8392,9830
South Africa,2008,1631,8700,10331
South Africa,2007,1786,8766,10553
South Africa,2006,1615,8680,10295
South Africa,2005,1611,8496,10106
South Africa,2004,1598,8354,9952
South Africa,2003,1575,8019,9594
South Africa,2002,1531,7838,9369
South Africa,2001,1496,7749,9245
South Africa,2000,1475,7784,9259
South Sudan,2013,1062,6475,7537
South Sudan,2012,1054,6507,7562
South Sudan,2011,1012,6458,7470
South Sudan,2010,1016,6462,7478
South Sudan,2009,1043,6512,7556
South Sudan,2008,1048,6549,7597
South Sudan,2007,1084,6599,7683
South Sudan,2006,1127,6671,7799
South Sudan,2005,1161,6777,7938
South Sudan,2004,1193,6971,8165
South Sudan,2003,1205,7230,8436
South Sudan,2002,1237,7491,8728
South Sudan,2001,1266,7751,9016
South Sudan,2000,1318,8025,9343
Spain,2013,7,31,38
Spain,2012,7,32,39
Spain,2011,6,33,40
Spain,2010,10,37,46
Spain,2009,13,41,54
Spain,2008,11,30,41
Spain,2007,16,50,66
Spain,2006,25,42,67
Spain,2005,8,30,38
Spain,2004,10,34,44
Spain,2003,15,43,58
Spain,2002,16,41,57
Spain,2001,8,16,24
Spain,2000,7,43,50
Sri Lanka,2013,84,148,232
Sri Lanka,2012,86,158,245
Sri Lanka,2011,92,166,258
Sri Lanka,2010,97,181,278
Sri Lanka,2009,104,208,312
Sri Lanka,2008,110,224,334
Sri Lanka,2007,117,241,358
Sri Lanka,2006,131,271,402
Sri Lanka,2005,149,294,442
Sri Lanka,2004,166,303,469
Sri Lanka,2003,179,325,504
Sri Lanka,2002,192,340,532
Sri Lanka,2001,205,359,563
Sri Lanka,2000,216,393,609
Sudan,2013,2169,15096,17265
Sudan,2012,2222,15432,17654
Sudan,2011,2269,15600,17868
Sudan,2010,2332,16237,18568
Sudan,2009,2419,16603,19022
Sudan,2008,2407,16874,19281
Sudan,2007,2504,19294,21798
Sudan,2006,2576,19401,21978
Sudan,2005,2631,19524,22155
Sudan,2004,2677,19219,21896
Sudan,2003,2598,19324,21922
Sudan,2002,2566,19280,21846
Sudan,2001,2561,19167,21728
Sudan,2000,2634,19211,21845
Suriname,2013,0,19,19
Suriname,2012,0,20,20
Suriname,2011,0,19,19
Suriname,2010,0,19,19
Suriname,2009,0,19,19
Suriname,2008,1,14,15
Suriname,2007,1,23,24
Suriname,2006,0,17,17
Suriname,2005,0,23,23
Suriname,2004,0,12,12
Suriname,2003,0,31,31
Suriname,2002,0,10,10
Suriname,2001,4,17,21
Suriname,2000,11,20,31
Swaziland,2013,60,391,451
Swaziland,2012,60,409,469
Swaziland,2011,63,419,482
Swaziland,2010,66,431,497
Swaziland,2009,76,428,503
Swaziland,2008,81,484,565
Swaziland,2007,82,482,564
Swaziland,2006,82,482,564
Swaziland,2005,83,483,566
Swaziland,2004,84,476,560
Swaziland,2003,84,474,558
Swaziland,2002,84,470,554
Swaziland,2001,84,464,547
Swaziland,2000,83,455,538
Sweden,2013,0,13,13
Sweden,2012,0,12,12
Sweden,2011,0,12,12
Sweden,2010,0,10,10
Sweden,2009,2,7,10
Sweden,2008,4,19,22
Sweden,2007,0,9,9
Sweden,2006,0,6,6
Sweden,2005,0,10,10
Sweden,2004,0,11,11
Sweden,2003,5,9,14
Sweden,2002,3,5,7
Sweden,2001,1,5,6
Sweden,2000,2,4,6
Switzerland,2013,1,4,4
Switzerland,2012,1,4,5
Switzerland,2011,1,4,5
Switzerland,2010,1,5,6
Switzerland,2009,1,4,5
Switzerland,2008,1,5,7
Switzerland,2007,1,3,4
Switzerland,2006,1,3,4
Switzerland,2005,2,7,8
Switzerland,2004,2,3,4
Switzerland,2003,2,5,7
Switzerland,2002,2,7,9
Switzerland,2001,3,8,11
Switzerland,2000,3,5,7
Syrian Arab Republic,2013,236,452,688
Syrian Arab Republic,2012,245,500,745
Syrian Arab Republic,2011,253,619,872
Syrian Arab Republic,2010,258,666,924
Syrian Arab Republic,2009,265,701,966
Syrian Arab Republic,2008,260,777,1037
Syrian Arab Republic,2007,251,802,1052
Syrian Arab Republic,2006,248,832,1081
Syrian Arab Republic,2005,245,874,1119
Syrian Arab Republic,2004,244,937,1180
Syrian Arab Republic,2003,251,1014,1265
Syrian Arab Republic,2002,258,1130,1388
Syrian Arab Republic,2001,265,1207,1471
Syrian Arab Republic,2000,269,1409,1677
Tajikistan,2013,274,1956,2229
Tajikistan,2012,275,1976,2251
Tajikistan,2011,274,1963,2236
Tajikistan,2010,268,1946,2213
Tajikistan,2009,279,1913,2192
Tajikistan,2008,256,2035,2291
Tajikistan,2007,247,2136,2383
Tajikistan,2006,233,2133,2366
Tajikistan,2005,233,2188,2421
Tajikistan,2004,246,2312,2558
Tajikistan,2003,265,2522,2787
Tajikistan,2002,297,2809,3105
Tajikistan,2001,333,3125,3458
Tajikistan,2000,365,3421,3786
Thailand,2013,169,574,742
Thailand,2012,176,614,790
Thailand,2011,193,668,861
Thailand,2010,206,729,935
Thailand,2009,229,794,1023
Thailand,2008,257,867,1124
Thailand,2007,301,949,1251
Thailand,2006,354,1049,1403
Thailand,2005,468,1167,1635
Thailand,2004,557,1291,1848
Thailand,2003,604,1428,2032
Thailand,2002,654,1564,2219
Thailand,2001,692,1723,2415
Thailand,2000,721,1908,2629
The former Yugoslav republic of Macedonia,2013,2,7,8
The former Yugoslav republic of Macedonia,2012,2,8,10
The former Yugoslav republic of Macedonia,2011,2,10,12
The former Yugoslav republic of Macedonia,2010,2,14,16
The former Yugoslav republic of Macedonia,2009,0,18,18
The former Yugoslav republic of Macedonia,2008,0,10,10
The former Yugoslav republic of Macedonia,2007,2,20,22
The former Yugoslav republic of Macedonia,2006,2,24,27
The former Yugoslav republic of Macedonia,2005,0,25,25
The former Yugoslav republic of Macedonia,2004,0,25,25
The former Yugoslav republic of Macedonia,2003,0,25,25
The former Yugoslav republic of Macedonia,2002,0,26,26
The former Yugoslav republic of Macedonia,2001,1,30,31
The former Yugoslav republic of Macedonia,2000,1,28,28
Timor-Leste,2013,51,358,408
Timor-Leste,2012,56,435,491
Timor-Leste,2011,59,476,536
Timor-Leste,2010,62,442,503
Timor-Leste,2009,62,450,512
Timor-Leste,2008,58,412,470
Timor-Leste,2007,57,383,441
Timor-Leste,2006,56,310,366
Timor-Leste,2005,56,348,404
Timor-Leste,2004,60,321,381
Timor-Leste,2003,64,527,591
Timor-Leste,2002,70,585,655
Timor-Leste,2001,77,598,675
Timor-Leste,2000,84,676,760
Togo,2013,429,2464,2894
Togo,2012,440,2501,2941
Togo,2011,446,2404,2850
Togo,2010,449,2498,2947
Togo,2009,460,2562,3022
Togo,2008,465,2701,3166
Togo,2007,474,2696,3171
Togo,2006,470,2677,3147
Togo,2005,471,2853,3324
Togo,2004,469,2705,3174
Togo,2003,483,2415,2898
Togo,2002,459,2366,2825
Togo,2001,453,2333,2786
Togo,2000,469,2314,2783
Tonga,2013,1,2,3
Tonga,2012,1,2,3
Tonga,2011,1,2,3
Tonga,2010,1,3,3
Tonga,2009,1,3,4
Tonga,2008,1,3,4
Tonga,2007,1,3,4
Tonga,2006,1,3,4
Tonga,2005,1,3,4
Tonga,2004,1,3,5
Tonga,2003,1,4,5
Tonga,2002,1,4,5
Tonga,2001,1,4,5
Tonga,2000,1,4,5
Trinidad and Tobago,2013,20,10,31
Trinidad and Tobago,2012,21,11,32
Trinidad and Tobago,2011,22,12,34
Trinidad and Tobago,2010,23,13,36
Trinidad and Tobago,2009,24,14,38
Trinidad and Tobago,2008,24,12,37
Trinidad and Tobago,2007,16,20,37
Trinidad and Tobago,2006,15,14,28
Trinidad and Tobago,2005,21,20,41
Trinidad and Tobago,2004,12,23,35
Trinidad and Tobago,2003,15,15,30
Trinidad and Tobago,2002,17,15,31
Trinidad and Tobago,2001,16,11,27
Trinidad and Tobago,2000,8,8,17
Tunisia,2013,70,178,249
Tunisia,2012,74,188,262
Tunisia,2011,78,212,290
Tunisia,2010,82,241,323
Tunisia,2009,86,263,349
Tunisia,2008,91,286,377
Tunisia,2007,96,313,409
Tunisia,2006,102,340,442
Tunisia,2005,112,344,457
Tunisia,2004,121,369,490
Tunisia,2003,130,397,527
Tunisia,2002,134,466,600
Tunisia,2001,137,523,660
Tunisia,2000,146,589,735
Turkey,2013,438,1906,2344
Turkey,2012,464,2104,2568
Turkey,2011,502,2343,2846
Turkey,2010,566,2610,3176
Turkey,2009,654,2898,3552
Turkey,2008,691,3207,3898
Turkey,2007,698,3547,4245
Turkey,2006,760,4341,5101
Turkey,2005,809,4906,5715
Turkey,2004,873,5451,6325
Turkey,2003,938,5783,6721
Turkey,2002,968,6816,7784
Turkey,2001,986,7918,8904
Turkey,2000,961,8832,9793
Turkmenistan,2013,95,906,1001
Turkmenistan,2012,93,910,1003
Turkmenistan,2011,94,970,1064
Turkmenistan,2010,96,1033,1129
Turkmenistan,2009,102,1196,1297
Turkmenistan,2008,111,1284,1395
Turkmenistan,2007,121,1389,1511
Turkmenistan,2006,131,1471,1602
Turkmenistan,2005,136,1512,1648
Turkmenistan,2004,137,1518,1655
Turkmenistan,2003,128,1483,1611
Turkmenistan,2002,125,1447,1572
Turkmenistan,2001,120,1408,1528
Turkmenistan,2000,120,1446,1566
Tuvalu,2013,0,1,1
Tuvalu,2012,0,1,1
Tuvalu,2011,0,1,1
Tuvalu,2010,0,1,1
Tuvalu,2009,0,1,1
Tuvalu,2008,0,1,1
Tuvalu,2007,0,1,1
Tuvalu,2006,0,2,2
Tuvalu,2005,0,1,1
Tuvalu,2004,0,2,2
Tuvalu,2003,0,2,2
Tuvalu,2002,0,2,2
Tuvalu,2001,0,2,2
Tuvalu,2000,0,2,2
Uganda,2013,1663,13791,15454
Uganda,2012,1683,14228,15911
Uganda,2011,1744,14468,16212
Uganda,2010,1881,14851,16733
Uganda,2009,1972,15081,17052
Uganda,2008,2045,15738,17783
Uganda,2007,2167,16187,18353
Uganda,2006,2281,16935,19216
Uganda,2005,2367,17303,19670
Uganda,2004,2473,17936,20409
Uganda,2003,2558,19125,21683
Uganda,2002,2673,20044,22717
Uganda,2001,2735,21192,23927
Uganda,2000,2785,21040,23825
Ukraine,2013,96,388,485
Ukraine,2012,112,450,562
Ukraine,2011,126,514,640
Ukraine,2010,141,547,689
Ukraine,2009,148,595,743
Ukraine,2008,132,603,735
Ukraine,2007,126,602,728
Ukraine,2006,122,628,750
Ukraine,2005,122,656,777
Ukraine,2004,121,701,822
Ukraine,2003,129,748,877
Ukraine,2002,139,853,992
Ukraine,2001,151,962,1113
Ukraine,2000,163,1073,1235
United Arab Emirates,2013,1,44,44
United Arab Emirates,2012,1,46,47
United Arab Emirates,2011,2,45,47
United Arab Emirates,2010,2,41,44
United Arab Emirates,2009,2,40,41
United Arab Emirates,2008,1,36,36
United Arab Emirates,2007,1,30,31
United Arab Emirates,2006,1,26,27
United Arab Emirates,2005,0,23,24
United Arab Emirates,2004,0,21,21
United Arab Emirates,2003,0,21,21
United Arab Emirates,2002,1,22,22
United Arab Emirates,2001,1,24,24
United Arab Emirates,2000,2,26,27
United Kingdom of Great Britain and Northern Ireland,2013,36,103,139
United Kingdom of Great Britain and Northern Ireland,2012,40,112,152
United Kingdom of Great Britain and Northern Ireland,2011,43,120,163
United Kingdom of Great Britain and Northern Ireland,2010,45,123,168
United Kingdom of Great Britain and Northern Ireland,2009,40,135,175
United Kingdom of Great Britain and Northern Ireland,2008,43,137,180
United Kingdom of Great Britain and Northern Ireland,2007,38,116,154
United Kingdom of Great Britain and Northern Ireland,2006,34,124,157
United Kingdom of Great Britain and Northern Ireland,2005,35,132,167
United Kingdom of Great Britain and Northern Ireland,2004,26,123,149
United Kingdom of Great Britain and Northern Ireland,2003,37,117,154
United Kingdom of Great Britain and Northern Ireland,2002,33,121,154
United Kingdom of Great Britain and Northern Ireland,2001,44,155,199
United Kingdom of Great Britain and Northern Ireland,2000,31,157,189
United Republic of Tanzania,2013,1907,12357,14263
United Republic of Tanzania,2012,1953,12824,14777
United Republic of Tanzania,2011,2028,13285,15313
United Republic of Tanzania,2010,2091,13143,15235
United Republic of Tanzania,2009,2283,12634,14918
United Republic of Tanzania,2008,2362,14948,17310
United Republic of Tanzania,2007,2484,15972,18457
United Republic of Tanzania,2006,2639,16259,18899
United Republic of Tanzania,2005,2792,16870,19662
United Republic of Tanzania,2004,2967,17668,20635
United Republic of Tanzania,2003,3153,18291,21445
United Republic of Tanzania,2002,3359,19342,22701
United Republic of Tanzania,2001,3528,20502,24029
United Republic of Tanzania,2000,3760,21626,25386
United States of America,2013,89,728,817
United States of America,2012,90,746,836
United States of America,2011,89,769,859
United States of America,2010,91,732,823
United States of America,2009,106,938,1044
United States of America,2008,83,880,962
United States of America,2007,124,801,925
United States of America,2006,117,943,1060
United States of America,2005,115,913,1029
United States of America,2004,108,966,1074
United States of America,2003,123,1068,1191
United States of America,2002,138,893,1031
United States of America,2001,119,896,1014
United States of America,2000,127,872,998
Uruguay,2013,7,61,68
Uruguay,2012,8,64,71
Uruguay,2011,8,65,73
Uruguay,2010,8,64,72
Uruguay,2009,8,59,67
Uruguay,2008,4,62,66
Uruguay,2007,4,69,72
Uruguay,2006,5,65,70
Uruguay,2005,7,68,75
Uruguay,2004,9,53,62
Uruguay,2003,9,77,86
Uruguay,2002,9,76,85
Uruguay,2001,10,84,93
Uruguay,2000,11,67,78
Uzbekistan,2013,291,4650,4941
Uzbekistan,2012,309,4921,5230
Uzbekistan,2011,329,5163,5492
Uzbekistan,2010,342,5337,5679
Uzbekistan,2009,349,5446,5796
Uzbekistan,2008,352,6476,6829
Uzbekistan,2007,346,6444,6790
Uzbekistan,2006,343,6423,6767
Uzbekistan,2005,352,6446,6798
Uzbekistan,2004,346,6560,6905
Uzbekistan,2003,352,6682,7034
Uzbekistan,2002,365,6905,7271
Uzbekistan,2001,386,7185,7571
Uzbekistan,2000,410,7596,8006
Vanuatu,2013,3,9,12
Vanuatu,2012,3,10,14
Vanuatu,2011,4,11,15
Vanuatu,2010,4,13,17
Vanuatu,2009,4,14,18
Vanuatu,2008,4,14,18
Vanuatu,2007,4,13,17
Vanuatu,2006,4,12,16
Vanuatu,2005,4,11,15
Vanuatu,2004,4,7,10
Vanuatu,2003,4,5,9
Vanuatu,2002,4,9,12
Vanuatu,2001,4,13,17
Vanuatu,2000,4,13,17
Venezuela (Bolivarian Republic of),2013,281,641,922
Venezuela (Bolivarian Republic of),2012,288,660,948
Venezuela (Bolivarian Republic of),2011,295,683,978
Venezuela (Bolivarian Republic of),2010,302,693,995
Venezuela (Bolivarian Republic of),2009,305,712,1017
Venezuela (Bolivarian Republic of),2008,311,727,1038
Venezuela (Bolivarian Republic of),2007,320,752,1072
Venezuela (Bolivarian Republic of),2006,346,747,1093
Venezuela (Bolivarian Republic of),2005,280,716,997
Venezuela (Bolivarian Republic of),2004,251,838,1089
Venezuela (Bolivarian Republic of),2003,182,851,1033
Venezuela (Bolivarian Republic of),2002,216,742,958
Venezuela (Bolivarian Republic of),2001,203,914,1118
Venezuela (Bolivarian Republic of),2000,195,818,1013
Viet Nam,2013,1257,2571,3828
Viet Nam,2012,1272,3269,4541
Viet Nam,2011,1371,3443,4814
Viet Nam,2010,1493,3665,5159
Viet Nam,2009,1546,4340,5887
Viet Nam,2008,1700,4578,6278
Viet Nam,2007,1790,4899,6689
Viet Nam,2006,1835,5215,7051
Viet Nam,2005,1791,5310,7101
Viet Nam,2004,1686,5440,7125
Viet Nam,2003,1531,5460,6991
Viet Nam,2002,1446,4588,6034
Viet Nam,2001,1054,5444,6497
Viet Nam,2000,953,5879,6831
Yemen,2013,902,5736,6639
Yemen,2012,937,6001,6938
Yemen,2011,982,6299,7281
Yemen,2010,1012,6504,7516
Yemen,2009,1087,6949,8036
Yemen,2008,1139,7290,8429
Yemen,2007,1187,7585,8772
Yemen,2006,1237,8147,9384
Yemen,2005,1309,8983,10292
Yemen,2004,1367,10147,11513
Yemen,2003,1362,10410,11772
Yemen,2002,1361,10695,12055
Yemen,2001,1355,11138,12494
Yemen,2000,1361,11653,13014
Zambia,2013,1079,6471,7550
Zambia,2012,1051,6486,7537
Zambia,2011,1055,6169,7223
Zambia,2010,1075,6515,7590
Zambia,2009,1063,6697,7760
Zambia,2008,1059,6625,7684
Zambia,2007,1062,6604,7666
Zambia,2006,1093,6550,7644
Zambia,2005,1148,6445,7593
Zambia,2004,1209,6410,7619
Zambia,2003,1290,7706,8996
Zambia,2002,1372,8104,9476
Zambia,2001,1461,8391,9853
Zambia,2000,1492,8460,9952
Zimbabwe,2013,1021,4563,5584
Zimbabwe,2012,988,4511,5499
Zimbabwe,2011,1022,4496,5519
Zimbabwe,2010,1032,4435,5467
Zimbabwe,2009,999,4426,5424
Zimbabwe,2008,930,4080,5010
Zimbabwe,2007,874,4121,4995
Zimbabwe,2006,818,3922,4740
Zimbabwe,2005,798,3664,4462
Zimbabwe,2004,775,3463,4238
Zimbabwe,2003,745,3311,4056
Zimbabwe,2002,736,3133,3869
Zimbabwe,2001,733,2978,3712
Zimbabwe,2000,730,2791,3521
